id,pdxNumber,hpv,experimentalResponse,endpointChoice,day,vehicleMean,vehicleN,vehicleMissingN,vehicleSD,vehicleMin,vehicleMax,cetuximabMean,cetuximabN,cetuximabMissingN,cetuximabSD,cetuximabMin,cetuximabMax,ratio
JG1,HN11-5822,Negative,S,final,20,3.836448,2,0,2.475627509981661,2.085915,5.586981,0.7000153333333333,3,0,0.053795406461270755,0.667196,0.762099,0.18246443932860118
JG1,HN11-5822,Negative,S,day14,13,2.3546205000000002,2,0,1.24659743542673,1.473143,3.236098,0.888032,3,0,0.03682244982344331,0.859427,0.929578,0.37714442730792497
JG3,HN11-6062,Negative,S,final,20,3.206845,2,0,0.2049605573811701,3.061916,3.351774,0.4568805,2,0,0.021059761264078946,0.441989,0.471772,0.142470403153255
JG3,HN11-6062,Negative,S,day14,13,2.2320455,2,0,0.6475379846190491,1.774167,2.689924,0.483529,2,0,0.009605338515638051,0.476737,0.490321,0.21663044055329517
JG7,HN11-6225,Negative,R,final,20,3.177308,2,0,0.9264654468462384,2.522198,3.832418,2.9608790000000003,2,0,0.3451982168667735,2.716787,3.204971,0.9318829021297275
JG7,HN11-6225,Negative,R,day14,13,2.556153,2,0,1.098128345901334,1.779659,3.332647,2.2804395,2,0,0.1222156289535015,2.19402,2.366859,0.892137325113168
JG8,HN11-6282,Negative,S,final,20,4.4819735000000005,2,0,0.6709969591916937,4.007507,4.95644,0.4103915,2,0,0.14792885994456934,0.30579,0.514993,0.09156490996655825
JG8,HN11-6282,Negative,S,day14,13,3.543674,2,0,0.3099362159025627,3.324516,3.762832,0.6923079999999999,2,0,0.06991447588303872,0.642871,0.741745,0.1953644720140735
JG9,HN11-6335,Negative,S,final,20,4.8684445,4,0,0.987905687127572,3.621581,5.885906,0.51522475,4,0,0.08357370994666921,0.417264,0.603355,0.10582943895118863
JG9,HN11-6335,Negative,S,day14,13,2.750476,4,0,0.44447491776327125,2.33588,3.351681,0.6103824999999999,4,0,0.06217266486433835,0.549653,0.681869,0.22191886058994878
JG11,HN12-6431,Negative,S,final,13,1.8186613715,4,0,0.3840833550496902,1.409633776,2.325442208,0.5992754455,4,0,0.06781566407944396,0.508680297,0.663564898,0.3295145841282856
JG11,HN12-6431,Negative,S,day14,13,1.8186613715,4,0,0.3840833550496902,1.409633776,2.325442208,0.5992754455,4,0,0.06781566407944396,0.508680297,0.663564898,0.3295145841282856
JG12,HN12-6722,Negative,S,final,20,3.4748062500000003,4,0,1.6905378818461647,1.830767,5.841051,0.63708175,4,0,0.23116007434441757,0.385824,0.933788,0.18334310006493165
JG12,HN12-6722,Negative,S,day14,13,2.61367625,4,0,1.0354172932009504,1.658271,4.045609,0.7680795,4,0,0.12432510203092535,0.645201,0.940234,0.2938694109494242
JG13,HN12-6744,Negative,S,final,20,4.687003499999999,2,1,0.8810006021362871,4.064042,5.309965,0.01206375,4,0,0.014046352275590984,0,0.026337,0.0025738726245883967
JG13,HN12-6744,Negative,S,day14,13,2.950688,3,0,1.2378712719354141,1.676369,4.148569,0.185047,4,0,0.14308299819568593,0.034992,0.364079,0.06271317062325803
JG14,HN12-6758,Positive,R,final,20,3.0010054999999998,2,0,0.23253135788641524,2.836581,3.16543,2.868963,2,0,0.0747807847511645,2.816085,2.921841,0.9560005804721118
JG14,HN12-6758,Positive,R,day14,13,2.453431,2,0,0.34833635676167934,2.20712,2.699742,2.8785869999999996,2,0,0.15522549481963327,2.768826,2.988348,1.173290383956182
JG15,HN12-6851,Negative,S,final,20,3.1474086666666667,3,0,1.4904642593535526,1.613098,4.589769,0.75669325,4,0,0.2365082623565542,0.422331,0.958225,0.2404178580347473
JG15,HN12-6851,Negative,S,day14,13,2.0940453333333333,3,0,0.8537616320269572,1.141486,2.790284,0.76078625,4,0,0.12968910974679665,0.60526,0.869651,0.3633093505139016
JG18,HN12-6932,Negative,S,final,15,4.3871555,2,0,1.119709951969929,3.595401,5.17891,0.650856,2,0,0.10143305354764788,0.579132,0.72258,0.14835489646993363
JG18,HN12-6932,Negative,S,day14,13,3.0664545,2,0,0.4862766263152074,2.722605,3.410304,0.7451915,2,0,0.14447817885237899,0.64303,0.847353,0.24301404113447633
JG30,HN13-7159,Positive,R,final,20,4.84142025,4,0,2.624434551296256,2.544665,8.620598,2.7714995,4,0,0.3796987661410029,2.317871,3.110127,0.5724558821349995
JG30,HN13-7159,Positive,R,day14,13,3.04771675,4,0,1.3752733983295529,1.679564,4.95624,1.88081225,4,0,0.20147040588032605,1.659021,2.094486,0.617121735476238
JG34,HN13-7192,Negative,R,final,26,5.2727664684,5,0,1.661120932855178,3.615871095,7.871737567,3.5533129558,5,0,0.6697995345718792,2.631869854,4.341403509,0.6738991717337025
JG34,HN13-7192,Negative,R,day14,12,2.4167909324,5,0,0.5711921238756266,1.574253494,3.025356489,1.8006332326,5,0,0.4567027051290365,1.222256404,2.440824844,0.7450513027255845
JG36,HN13-7157,Positive,S,final,20,9.756831333333334,3,0,3.6933840742908575,7.271814,14.00094,0.32491733333333334,3,0,0.06617935793986925,0.258864,0.391222,0.03330152200369423
JG36,HN13-7157,Positive,S,day14,13,6.248341333333333,3,0,2.13157595366652,5.000398,8.709592,0.433257,3,0,0.1410902108156339,0.270483,0.520553,0.06933952178455466
JG40,HN13-7327,Positive,S,final,15,3.02313675,4,0,0.575599138573814,2.608062,3.831071,0.6458984999999999,4,0,0.10583681611014821,0.532244,0.788029,0.21365176418168974
JG40,HN13-7327,Positive,S,day14,10,2.61909275,4,0,0.18983264006377648,2.412831,2.792215,0.70123325,4,0,0.11095339597739526,0.547655,0.789332,0.2677389909158429
JG60,HN168 (HN17-062117),Positive,R,final,15,5.4043861432,5,0,1.0796170886125953,4.23193468,6.957776791,4.709532697799999,5,0,0.20906671073143904,4.459897709,4.994812923,0.87142786858887
JG60,HN168 (HN17-062117),Positive,R,day14,13,4.5274708738000005,5,0,0.8833191254854059,3.595956566,5.738064543,3.8863176124,5,0,0.4234263333256531,3.293765412,4.288603684,0.8583859997619671
JG64,HN173,Positive,S,final,22,3.9883835104000003,5,0,0.5735725112570457,3.414303652,4.742530741,0.353386263,5,0,0.1306449276478556,0.166567212,0.519682214,0.08860388226922501
JG64,HN173,Positive,S,day14,12,2.3835875576,5,0,0.2717728727360149,1.914743436,2.602013785,0.5154451118,5,0,0.15588820659088262,0.3818318,0.736783809,0.21624760968252169
