sourceRow,id,pdxNumber,day,sourceFinalFlag,treatment,growthRelativeDay1,sourceValue,status
2,JG36,HN13-7157,1,0,Vehicle,1,1,measured
3,JG36,HN13-7157,6,0,Vehicle,2.089972,2.089972,measured
4,JG36,HN13-7157,8,0,Vehicle,3.227883,3.227883,measured
5,JG36,HN13-7157,13,0,Vehicle,5.000398,5.000398,measured
6,JG36,HN13-7157,15,0,Vehicle,6.587664,6.587664,measured
7,JG36,HN13-7157,20,1,Vehicle,7.99774,7.99774,measured
8,JG36,HN13-7157,1,0,Vehicle,1,1,measured
9,JG36,HN13-7157,6,0,Vehicle,2.779736,2.779736,measured
10,JG36,HN13-7157,8,0,Vehicle,5.758735,5.758735,measured
11,JG36,HN13-7157,13,0,Vehicle,8.709592,8.709592,measured
12,JG36,HN13-7157,15,0,Vehicle,10.67291,10.67291,measured
13,JG36,HN13-7157,20,1,Vehicle,14.00094,14.00094,measured
14,JG36,HN13-7157,1,0,Vehicle,1,1,measured
15,JG36,HN13-7157,6,0,Vehicle,2.288132,2.288132,measured
16,JG36,HN13-7157,8,0,Vehicle,4.165115,4.165115,measured
17,JG36,HN13-7157,13,0,Vehicle,5.035034,5.035034,measured
18,JG36,HN13-7157,15,0,Vehicle,6.512248,6.512248,measured
19,JG36,HN13-7157,20,1,Vehicle,7.271814,7.271814,measured
20,JG36,HN13-7157,1,0,Cetuximab,1,1,measured
21,JG36,HN13-7157,6,0,Cetuximab,1.01498,1.01498,measured
22,JG36,HN13-7157,8,0,Cetuximab,0.695591,0.695591,measured
23,JG36,HN13-7157,13,0,Cetuximab,0.508735,0.508735,measured
24,JG36,HN13-7157,15,0,Cetuximab,0.497195,0.497195,measured
25,JG36,HN13-7157,20,1,Cetuximab,0.391222,0.391222,measured
26,JG36,HN13-7157,1,0,Cetuximab,1,1,measured
27,JG36,HN13-7157,6,0,Cetuximab,0.891359,0.891359,measured
28,JG36,HN13-7157,8,0,Cetuximab,0.323229,0.323229,measured
29,JG36,HN13-7157,13,0,Cetuximab,0.270483,0.270483,measured
30,JG36,HN13-7157,15,0,Cetuximab,0.268821,0.268821,measured
31,JG36,HN13-7157,20,1,Cetuximab,0.258864,0.258864,measured
32,JG36,HN13-7157,1,0,Cetuximab,1,1,measured
33,JG36,HN13-7157,6,0,Cetuximab,1.04991,1.04991,measured
34,JG36,HN13-7157,8,0,Cetuximab,0.638411,0.638411,measured
35,JG36,HN13-7157,13,0,Cetuximab,0.520553,0.520553,measured
36,JG36,HN13-7157,15,0,Cetuximab,0.358537,0.358537,measured
37,JG36,HN13-7157,20,1,Cetuximab,0.324666,0.324666,measured
38,JG15,HN12-6851,1,0,Vehicle,1,1,measured
39,JG15,HN12-6851,6,0,Vehicle,1.001013,1.001013,measured
40,JG15,HN12-6851,8,0,Vehicle,1.113745,1.113745,measured
41,JG15,HN12-6851,13,0,Vehicle,1.141486,1.141486,measured
42,JG15,HN12-6851,15,0,Vehicle,1.353679,1.353679,measured
43,JG15,HN12-6851,20,1,Vehicle,1.613098,1.613098,measured
44,JG15,HN12-6851,1,0,Vehicle,1,1,measured
45,JG15,HN12-6851,6,0,Vehicle,1.716605,1.716605,measured
46,JG15,HN12-6851,8,0,Vehicle,2.009006,2.009006,measured
47,JG15,HN12-6851,13,0,Vehicle,2.790284,2.790284,measured
48,JG15,HN12-6851,15,0,Vehicle,2.983486,2.983486,measured
49,JG15,HN12-6851,20,1,Vehicle,3.239359,3.239359,measured
50,JG15,HN12-6851,1,0,Vehicle,1,1,measured
51,JG15,HN12-6851,6,0,Vehicle,1.484703,1.484703,measured
52,JG15,HN12-6851,8,0,Vehicle,1.992437,1.992437,measured
53,JG15,HN12-6851,13,0,Vehicle,2.350366,2.350366,measured
54,JG15,HN12-6851,15,0,Vehicle,4.292795,4.292795,measured
55,JG15,HN12-6851,20,1,Vehicle,4.589769,4.589769,measured
56,JG15,HN12-6851,1,0,Cetuximab,1,1,measured
57,JG15,HN12-6851,6,0,Cetuximab,0.81687,0.81687,measured
58,JG15,HN12-6851,8,0,Cetuximab,0.726043,0.726043,measured
59,JG15,HN12-6851,13,0,Cetuximab,0.70248,0.70248,measured
60,JG15,HN12-6851,15,0,Cetuximab,0.701291,0.701291,measured
61,JG15,HN12-6851,20,1,Cetuximab,0.765779,0.765779,measured
62,JG15,HN12-6851,1,0,Cetuximab,1,1,measured
63,JG15,HN12-6851,6,0,Cetuximab,0.9958,0.9958,measured
64,JG15,HN12-6851,8,0,Cetuximab,0.983147,0.983147,measured
65,JG15,HN12-6851,13,0,Cetuximab,0.865754,0.865754,measured
66,JG15,HN12-6851,15,0,Cetuximab,0.908516,0.908516,measured
67,JG15,HN12-6851,20,1,Cetuximab,0.958225,0.958225,measured
68,JG15,HN12-6851,1,0,Cetuximab,1,1,measured
69,JG15,HN12-6851,6,0,Cetuximab,0.901481,0.901481,measured
70,JG15,HN12-6851,8,0,Cetuximab,0.759056,0.759056,measured
71,JG15,HN12-6851,13,0,Cetuximab,0.60526,0.60526,measured
72,JG15,HN12-6851,15,0,Cetuximab,0.429657,0.429657,measured
73,JG15,HN12-6851,20,1,Cetuximab,0.422331,0.422331,measured
74,JG15,HN12-6851,1,0,Cetuximab,1,1,measured
75,JG15,HN12-6851,6,0,Cetuximab,0.969672,0.969672,measured
76,JG15,HN12-6851,8,0,Cetuximab,0.888633,0.888633,measured
77,JG15,HN12-6851,13,0,Cetuximab,0.869651,0.869651,measured
78,JG15,HN12-6851,15,0,Cetuximab,0.696586,0.696586,measured
79,JG15,HN12-6851,20,1,Cetuximab,0.880438,0.880438,measured
80,JG13,HN12-6744,1,0,Vehicle,1,1,measured
81,JG13,HN12-6744,6,0,Vehicle,2.355871,2.355871,measured
82,JG13,HN12-6744,8,0,Vehicle,2.778202,2.778202,measured
83,JG13,HN12-6744,13,0,Vehicle,4.148569,4.148569,measured
84,JG13,HN12-6744,15,0,Vehicle,4.737999,4.737999,measured
85,JG13,HN12-6744,20,1,Vehicle,5.309965,5.309965,measured
86,JG13,HN12-6744,1,0,Vehicle,1,1,measured
87,JG13,HN12-6744,6,0,Vehicle,1.12948,1.12948,measured
88,JG13,HN12-6744,8,0,Vehicle,1.644844,1.644844,measured
89,JG13,HN12-6744,13,0,Vehicle,1.676369,1.676369,measured
90,JG13,HN12-6744,15,0,Vehicle,2.254628,2.254628,measured
91,JG13,HN12-6744,20,1,Vehicle,4.064042,4.064042,measured
92,JG13,HN12-6744,1,0,Vehicle,1,1,measured
93,JG13,HN12-6744,6,0,Vehicle,1.840016,1.840016,measured
94,JG13,HN12-6744,8,0,Vehicle,1.969349,1.969349,measured
95,JG13,HN12-6744,13,0,Vehicle,3.027126,3.027126,measured
96,JG13,HN12-6744,15,0,Vehicle,,NA,source_missing
97,JG13,HN12-6744,20,1,Vehicle,,NA,source_missing
98,JG13,HN12-6744,1,0,Cetuximab,1,1,measured
99,JG13,HN12-6744,6,0,Cetuximab,0.975063,0.975063,measured
100,JG13,HN12-6744,8,0,Cetuximab,0.955929,0.955929,measured
101,JG13,HN12-6744,13,0,Cetuximab,0.227257,0.227257,measured
102,JG13,HN12-6744,15,0,Cetuximab,0.135763,0.135763,measured
103,JG13,HN12-6744,20,1,Cetuximab,0.021918,0.021918,measured
104,JG13,HN12-6744,1,0,Cetuximab,1,1,measured
105,JG13,HN12-6744,6,0,Cetuximab,0.960998,0.960998,measured
106,JG13,HN12-6744,8,0,Cetuximab,0.118619,0.118619,measured
107,JG13,HN12-6744,13,0,Cetuximab,0.034992,0.034992,measured
108,JG13,HN12-6744,15,0,Cetuximab,0.029013,0.029013,measured
109,JG13,HN12-6744,20,1,Cetuximab,0,0,measured
110,JG13,HN12-6744,1,0,Cetuximab,1,1,measured
111,JG13,HN12-6744,6,0,Cetuximab,0.763458,0.763458,measured
112,JG13,HN12-6744,8,0,Cetuximab,0.692543,0.692543,measured
113,JG13,HN12-6744,13,0,Cetuximab,0.364079,0.364079,measured
114,JG13,HN12-6744,15,0,Cetuximab,0.233854,0.233854,measured
115,JG13,HN12-6744,20,1,Cetuximab,0.026337,0.026337,measured
116,JG13,HN12-6744,1,0,Cetuximab,1,1,measured
117,JG13,HN12-6744,6,0,Cetuximab,0.514119,0.514119,measured
118,JG13,HN12-6744,8,0,Cetuximab,0.293423,0.293423,measured
119,JG13,HN12-6744,13,0,Cetuximab,0.11386,0.11386,measured
120,JG13,HN12-6744,15,0,Cetuximab,0.009481,0.009481,measured
121,JG13,HN12-6744,20,1,Cetuximab,0,0,measured
122,JG14,HN12-6758,1,0,Vehicle,1,1,measured
123,JG14,HN12-6758,6,0,Vehicle,1.450249,1.450249,measured
124,JG14,HN12-6758,8,0,Vehicle,2.112807,2.112807,measured
125,JG14,HN12-6758,13,0,Vehicle,2.699742,2.699742,measured
126,JG14,HN12-6758,15,0,Vehicle,2.795358,2.795358,measured
127,JG14,HN12-6758,20,1,Vehicle,2.836581,2.836581,measured
128,JG14,HN12-6758,1,0,Vehicle,1,1,measured
129,JG14,HN12-6758,6,0,Vehicle,1.146542,1.146542,measured
130,JG14,HN12-6758,8,0,Vehicle,1.927849,1.927849,measured
131,JG14,HN12-6758,13,0,Vehicle,2.20712,2.20712,measured
132,JG14,HN12-6758,15,0,Vehicle,2.423117,2.423117,measured
133,JG14,HN12-6758,20,1,Vehicle,3.16543,3.16543,measured
134,JG14,HN12-6758,1,0,Cetuximab,1,1,measured
135,JG14,HN12-6758,6,0,Cetuximab,1.599443,1.599443,measured
136,JG14,HN12-6758,8,0,Cetuximab,2.867944,2.867944,measured
137,JG14,HN12-6758,13,0,Cetuximab,2.988348,2.988348,measured
138,JG14,HN12-6758,15,0,Cetuximab,2.976147,2.976147,measured
139,JG14,HN12-6758,20,1,Cetuximab,2.921841,2.921841,measured
140,JG14,HN12-6758,1,0,Cetuximab,1,1,measured
141,JG14,HN12-6758,6,0,Cetuximab,1.497933,1.497933,measured
142,JG14,HN12-6758,8,0,Cetuximab,1.921451,1.921451,measured
143,JG14,HN12-6758,13,0,Cetuximab,2.768826,2.768826,measured
144,JG14,HN12-6758,15,0,Cetuximab,2.789182,2.789182,measured
145,JG14,HN12-6758,20,1,Cetuximab,2.816085,2.816085,measured
146,JG12,HN12-6722,1,0,Vehicle,1,1,measured
147,JG12,HN12-6722,6,0,Vehicle,1.113141,1.113141,measured
148,JG12,HN12-6722,8,0,Vehicle,1.308057,1.308057,measured
149,JG12,HN12-6722,13,0,Vehicle,1.658271,1.658271,measured
150,JG12,HN12-6722,15,0,Vehicle,1.735645,1.735645,measured
151,JG12,HN12-6722,20,1,Vehicle,1.830767,1.830767,measured
152,JG12,HN12-6722,1,0,Vehicle,1,1,measured
153,JG12,HN12-6722,6,0,Vehicle,1.476166,1.476166,measured
154,JG12,HN12-6722,8,0,Vehicle,1.84764,1.84764,measured
155,JG12,HN12-6722,13,0,Vehicle,2.639512,2.639512,measured
156,JG12,HN12-6722,15,0,Vehicle,2.954584,2.954584,measured
157,JG12,HN12-6722,20,1,Vehicle,3.039591,3.039591,measured
158,JG12,HN12-6722,1,0,Vehicle,1,1,measured
159,JG12,HN12-6722,6,0,Vehicle,1.683823,1.683823,measured
160,JG12,HN12-6722,8,0,Vehicle,2.822144,2.822144,measured
161,JG12,HN12-6722,13,0,Vehicle,4.045609,4.045609,measured
162,JG12,HN12-6722,15,0,Vehicle,5.59015,5.59015,measured
163,JG12,HN12-6722,20,1,Vehicle,5.841051,5.841051,measured
164,JG12,HN12-6722,1,0,Vehicle,1,1,measured
165,JG12,HN12-6722,6,0,Vehicle,1.258192,1.258192,measured
166,JG12,HN12-6722,8,0,Vehicle,1.461692,1.461692,measured
167,JG12,HN12-6722,13,0,Vehicle,2.111313,2.111313,measured
168,JG12,HN12-6722,15,0,Vehicle,2.686395,2.686395,measured
169,JG12,HN12-6722,20,1,Vehicle,3.187816,3.187816,measured
170,JG12,HN12-6722,1,0,Cetuximab,1,1,measured
171,JG12,HN12-6722,6,0,Cetuximab,0.762445,0.762445,measured
172,JG12,HN12-6722,8,0,Cetuximab,0.692122,0.692122,measured
173,JG12,HN12-6722,13,0,Cetuximab,0.645201,0.645201,measured
174,JG12,HN12-6722,15,0,Cetuximab,0.563183,0.563183,measured
175,JG12,HN12-6722,20,1,Cetuximab,0.55069,0.55069,measured
176,JG12,HN12-6722,1,0,Cetuximab,1,1,measured
177,JG12,HN12-6722,6,0,Cetuximab,0.991109,0.991109,measured
178,JG12,HN12-6722,8,0,Cetuximab,0.924615,0.924615,measured
179,JG12,HN12-6722,13,0,Cetuximab,0.75793,0.75793,measured
180,JG12,HN12-6722,15,0,Cetuximab,0.680404,0.680404,measured
181,JG12,HN12-6722,20,1,Cetuximab,0.678025,0.678025,measured
182,JG12,HN12-6722,1,0,Cetuximab,1,1,measured
183,JG12,HN12-6722,6,0,Cetuximab,0.989,0.989,measured
184,JG12,HN12-6722,8,0,Cetuximab,0.931165,0.931165,measured
185,JG12,HN12-6722,13,0,Cetuximab,0.728953,0.728953,measured
186,JG12,HN12-6722,15,0,Cetuximab,0.387796,0.387796,measured
187,JG12,HN12-6722,20,1,Cetuximab,0.385824,0.385824,measured
188,JG12,HN12-6722,1,0,Cetuximab,1,1,measured
189,JG12,HN12-6722,6,0,Cetuximab,0.98862,0.98862,measured
190,JG12,HN12-6722,8,0,Cetuximab,0.955016,0.955016,measured
191,JG12,HN12-6722,13,0,Cetuximab,0.940234,0.940234,measured
192,JG12,HN12-6722,15,0,Cetuximab,0.929244,0.929244,measured
193,JG12,HN12-6722,20,1,Cetuximab,0.933788,0.933788,measured
194,JG30,HN13-7159,1,0,Vehicle,1,1,measured
195,JG30,HN13-7159,6,0,Vehicle,1.47261,1.47261,measured
196,JG30,HN13-7159,8,0,Vehicle,2.07264,2.07264,measured
197,JG30,HN13-7159,13,0,Vehicle,2.860681,2.860681,measured
198,JG30,HN13-7159,15,0,Vehicle,3.606949,3.606949,measured
199,JG30,HN13-7159,20,1,Vehicle,4.159,4.159,measured
200,JG30,HN13-7159,1,0,Vehicle,1,1,measured
201,JG30,HN13-7159,6,0,Vehicle,1.648508,1.648508,measured
202,JG30,HN13-7159,8,0,Vehicle,2.875678,2.875678,measured
203,JG30,HN13-7159,13,0,Vehicle,4.95624,4.95624,measured
204,JG30,HN13-7159,15,0,Vehicle,7.236005,7.236005,measured
205,JG30,HN13-7159,20,1,Vehicle,8.620598,8.620598,measured
206,JG30,HN13-7159,1,0,Vehicle,1,1,measured
207,JG30,HN13-7159,6,0,Vehicle,1.38341,1.38341,measured
208,JG30,HN13-7159,8,0,Vehicle,1.887143,1.887143,measured
209,JG30,HN13-7159,13,0,Vehicle,2.694382,2.694382,measured
210,JG30,HN13-7159,15,0,Vehicle,3.665018,3.665018,measured
211,JG30,HN13-7159,20,1,Vehicle,4.041418,4.041418,measured
212,JG30,HN13-7159,1,0,Vehicle,1,1,measured
213,JG30,HN13-7159,6,0,Vehicle,1.205699,1.205699,measured
214,JG30,HN13-7159,8,0,Vehicle,1.432099,1.432099,measured
215,JG30,HN13-7159,13,0,Vehicle,1.679564,1.679564,measured
216,JG30,HN13-7159,15,0,Vehicle,2.01509,2.01509,measured
217,JG30,HN13-7159,20,1,Vehicle,2.544665,2.544665,measured
218,JG30,HN13-7159,1,0,Cetuximab,1,1,measured
219,JG30,HN13-7159,6,0,Cetuximab,1.2257,1.2257,measured
220,JG30,HN13-7159,8,0,Cetuximab,1.716813,1.716813,measured
221,JG30,HN13-7159,13,0,Cetuximab,2.094486,2.094486,measured
222,JG30,HN13-7159,15,0,Cetuximab,2.479769,2.479769,measured
223,JG30,HN13-7159,20,1,Cetuximab,3.110127,3.110127,measured
224,JG30,HN13-7159,1,0,Cetuximab,1,1,measured
225,JG30,HN13-7159,6,0,Cetuximab,1.22602,1.22602,measured
226,JG30,HN13-7159,8,0,Cetuximab,1.262801,1.262801,measured
227,JG30,HN13-7159,13,0,Cetuximab,1.768918,1.768918,measured
228,JG30,HN13-7159,15,0,Cetuximab,2.119171,2.119171,measured
229,JG30,HN13-7159,20,1,Cetuximab,2.317871,2.317871,measured
230,JG30,HN13-7159,1,0,Cetuximab,1,1,measured
231,JG30,HN13-7159,6,0,Cetuximab,1.010826,1.010826,measured
232,JG30,HN13-7159,8,0,Cetuximab,1.041456,1.041456,measured
233,JG30,HN13-7159,13,0,Cetuximab,1.659021,1.659021,measured
234,JG30,HN13-7159,15,0,Cetuximab,2.572031,2.572031,measured
235,JG30,HN13-7159,20,1,Cetuximab,3.058623,3.058623,measured
236,JG30,HN13-7159,1,0,Cetuximab,1,1,measured
237,JG30,HN13-7159,6,0,Cetuximab,1.015277,1.015277,measured
238,JG30,HN13-7159,8,0,Cetuximab,1.025047,1.025047,measured
239,JG30,HN13-7159,13,0,Cetuximab,2.000824,2.000824,measured
240,JG30,HN13-7159,15,0,Cetuximab,2.445331,2.445331,measured
241,JG30,HN13-7159,20,1,Cetuximab,2.599377,2.599377,measured
242,JG7,HN11-6225,1,0,Vehicle,1,1,measured
243,JG7,HN11-6225,6,0,Vehicle,1.316275,1.316275,measured
244,JG7,HN11-6225,8,0,Vehicle,1.505564,1.505564,measured
245,JG7,HN11-6225,13,0,Vehicle,3.332647,3.332647,measured
246,JG7,HN11-6225,15,0,Vehicle,3.75099,3.75099,measured
247,JG7,HN11-6225,20,1,Vehicle,3.832418,3.832418,measured
248,JG7,HN11-6225,1,0,Vehicle,1,1,measured
249,JG7,HN11-6225,6,0,Vehicle,1.349508,1.349508,measured
250,JG7,HN11-6225,8,0,Vehicle,1.627371,1.627371,measured
251,JG7,HN11-6225,13,0,Vehicle,1.779659,1.779659,measured
252,JG7,HN11-6225,15,0,Vehicle,1.960648,1.960648,measured
253,JG7,HN11-6225,20,1,Vehicle,2.522198,2.522198,measured
254,JG7,HN11-6225,1,0,Cetuximab,1,1,measured
255,JG7,HN11-6225,6,0,Cetuximab,1.635197,1.635197,measured
256,JG7,HN11-6225,8,0,Cetuximab,1.635197,1.635197,measured
257,JG7,HN11-6225,13,0,Cetuximab,2.366859,2.366859,measured
258,JG7,HN11-6225,15,0,Cetuximab,2.501536,2.501536,measured
259,JG7,HN11-6225,20,1,Cetuximab,2.716787,2.716787,measured
260,JG7,HN11-6225,1,0,Cetuximab,1,1,measured
261,JG7,HN11-6225,6,0,Cetuximab,1.172155,1.172155,measured
262,JG7,HN11-6225,8,0,Cetuximab,1.172155,1.172155,measured
263,JG7,HN11-6225,13,0,Cetuximab,2.19402,2.19402,measured
264,JG7,HN11-6225,15,0,Cetuximab,2.417765,2.417765,measured
265,JG7,HN11-6225,20,1,Cetuximab,3.204971,3.204971,measured
266,JG3,HN11-6062,1,0,Vehicle,1,1,measured
267,JG3,HN11-6062,6,0,Vehicle,1.300236,1.300236,measured
268,JG3,HN11-6062,8,0,Vehicle,1.760212,1.760212,measured
269,JG3,HN11-6062,13,0,Vehicle,2.689924,2.689924,measured
270,JG3,HN11-6062,15,0,Vehicle,2.73424,2.73424,measured
271,JG3,HN11-6062,20,1,Vehicle,3.061916,3.061916,measured
272,JG3,HN11-6062,1,0,Vehicle,1,1,measured
273,JG3,HN11-6062,6,0,Vehicle,1.045123,1.045123,measured
274,JG3,HN11-6062,8,0,Vehicle,1.185852,1.185852,measured
275,JG3,HN11-6062,13,0,Vehicle,1.774167,1.774167,measured
276,JG3,HN11-6062,15,0,Vehicle,1.902525,1.902525,measured
277,JG3,HN11-6062,20,1,Vehicle,3.351774,3.351774,measured
278,JG3,HN11-6062,1,0,Cetuximab,1,1,measured
279,JG3,HN11-6062,6,0,Cetuximab,0.821356,0.821356,measured
280,JG3,HN11-6062,8,0,Cetuximab,0.553002,0.553002,measured
281,JG3,HN11-6062,13,0,Cetuximab,0.476737,0.476737,measured
282,JG3,HN11-6062,15,0,Cetuximab,0.454194,0.454194,measured
283,JG3,HN11-6062,20,1,Cetuximab,0.441989,0.441989,measured
284,JG3,HN11-6062,1,0,Cetuximab,1,1,measured
285,JG3,HN11-6062,6,0,Cetuximab,0.870512,0.870512,measured
286,JG3,HN11-6062,8,0,Cetuximab,0.765757,0.765757,measured
287,JG3,HN11-6062,13,0,Cetuximab,0.490321,0.490321,measured
288,JG3,HN11-6062,15,0,Cetuximab,0.48186,0.48186,measured
289,JG3,HN11-6062,20,1,Cetuximab,0.471772,0.471772,measured
290,JG8,HN11-6282,1,0,Vehicle,1,1,measured
291,JG8,HN11-6282,6,0,Vehicle,2.323291,2.323291,measured
292,JG8,HN11-6282,8,0,Vehicle,2.375829,2.375829,measured
293,JG8,HN11-6282,13,0,Vehicle,3.324516,3.324516,measured
294,JG8,HN11-6282,15,0,Vehicle,3.563426,3.563426,measured
295,JG8,HN11-6282,20,1,Vehicle,4.007507,4.007507,measured
296,JG8,HN11-6282,1,0,Vehicle,1,1,measured
297,JG8,HN11-6282,6,0,Vehicle,1.501167,1.501167,measured
298,JG8,HN11-6282,8,0,Vehicle,2.326847,2.326847,measured
299,JG8,HN11-6282,13,0,Vehicle,3.762832,3.762832,measured
300,JG8,HN11-6282,15,0,Vehicle,4.423528,4.423528,measured
301,JG8,HN11-6282,20,1,Vehicle,4.95644,4.95644,measured
302,JG8,HN11-6282,1,0,Cetuximab,1,1,measured
303,JG8,HN11-6282,6,0,Cetuximab,0.821199,0.821199,measured
304,JG8,HN11-6282,8,0,Cetuximab,0.769342,0.769342,measured
305,JG8,HN11-6282,13,0,Cetuximab,0.741745,0.741745,measured
306,JG8,HN11-6282,15,0,Cetuximab,0.711496,0.711496,measured
307,JG8,HN11-6282,20,1,Cetuximab,0.30579,0.30579,measured
308,JG8,HN11-6282,1,0,Cetuximab,1,1,measured
309,JG8,HN11-6282,6,0,Cetuximab,0.818054,0.818054,measured
310,JG8,HN11-6282,8,0,Cetuximab,0.702482,0.702482,measured
311,JG8,HN11-6282,13,0,Cetuximab,0.642871,0.642871,measured
312,JG8,HN11-6282,15,0,Cetuximab,0.532466,0.532466,measured
313,JG8,HN11-6282,20,1,Cetuximab,0.514993,0.514993,measured
314,JG18,HN12-6932,1,0,Vehicle,1,1,measured
315,JG18,HN12-6932,6,0,Vehicle,2.337355,2.337355,measured
316,JG18,HN12-6932,8,0,Vehicle,2.551704,2.551704,measured
317,JG18,HN12-6932,13,0,Vehicle,3.410304,3.410304,measured
318,JG18,HN12-6932,15,1,Vehicle,5.17891,5.17891,measured
319,JG18,HN12-6932,1,0,Vehicle,1,1,measured
320,JG18,HN12-6932,6,0,Vehicle,2.121064,2.121064,measured
321,JG18,HN12-6932,8,0,Vehicle,2.156765,2.156765,measured
322,JG18,HN12-6932,13,0,Vehicle,2.722605,2.722605,measured
323,JG18,HN12-6932,15,1,Vehicle,3.595401,3.595401,measured
324,JG18,HN12-6932,1,0,Cetuximab,1,1,measured
325,JG18,HN12-6932,6,0,Cetuximab,0.805438,0.805438,measured
326,JG18,HN12-6932,8,0,Cetuximab,0.778312,0.778312,measured
327,JG18,HN12-6932,13,0,Cetuximab,0.64303,0.64303,measured
328,JG18,HN12-6932,15,1,Cetuximab,0.579132,0.579132,measured
329,JG18,HN12-6932,1,0,Cetuximab,1,1,measured
330,JG18,HN12-6932,6,0,Cetuximab,0.81052,0.81052,measured
331,JG18,HN12-6932,8,0,Cetuximab,0.968791,0.968791,measured
332,JG18,HN12-6932,13,0,Cetuximab,0.847353,0.847353,measured
333,JG18,HN12-6932,15,1,Cetuximab,0.72258,0.72258,measured
334,JG1,HN11-5822,1,0,Vehicle,1,1,measured
335,JG1,HN11-5822,6,0,Vehicle,3.017736,3.017736,measured
336,JG1,HN11-5822,8,0,Vehicle,3.140478,3.140478,measured
337,JG1,HN11-5822,13,0,Vehicle,3.236098,3.236098,measured
338,JG1,HN11-5822,15,0,Vehicle,3.484166,3.484166,measured
339,JG1,HN11-5822,20,1,Vehicle,5.586981,5.586981,measured
340,JG1,HN11-5822,1,0,Vehicle,1,1,measured
341,JG1,HN11-5822,6,0,Vehicle,1.344081,1.344081,measured
342,JG1,HN11-5822,8,0,Vehicle,1.428545,1.428545,measured
343,JG1,HN11-5822,13,0,Vehicle,1.473143,1.473143,measured
344,JG1,HN11-5822,15,0,Vehicle,1.567458,1.567458,measured
345,JG1,HN11-5822,20,1,Vehicle,2.085915,2.085915,measured
346,JG1,HN11-5822,1,0,Cetuximab,1,1,measured
347,JG1,HN11-5822,6,0,Cetuximab,1.096548,1.096548,measured
348,JG1,HN11-5822,8,0,Cetuximab,0.965873,0.965873,measured
349,JG1,HN11-5822,13,0,Cetuximab,0.929578,0.929578,measured
350,JG1,HN11-5822,15,0,Cetuximab,0.864547,0.864547,measured
351,JG1,HN11-5822,20,1,Cetuximab,0.667196,0.667196,measured
352,JG1,HN11-5822,1,0,Cetuximab,1,1,measured
353,JG1,HN11-5822,6,0,Cetuximab,1.321414,1.321414,measured
354,JG1,HN11-5822,8,0,Cetuximab,0.933416,0.933416,measured
355,JG1,HN11-5822,13,0,Cetuximab,0.859427,0.859427,measured
356,JG1,HN11-5822,15,0,Cetuximab,0.829132,0.829132,measured
357,JG1,HN11-5822,20,1,Cetuximab,0.762099,0.762099,measured
358,JG1,HN11-5822,1,0,Cetuximab,1,1,measured
359,JG1,HN11-5822,6,0,Cetuximab,1.222407,1.222407,measured
360,JG1,HN11-5822,8,0,Cetuximab,0.951829,0.951829,measured
361,JG1,HN11-5822,13,0,Cetuximab,0.875091,0.875091,measured
362,JG1,HN11-5822,15,0,Cetuximab,0.781611,0.781611,measured
363,JG1,HN11-5822,20,1,Cetuximab,0.670751,0.670751,measured
364,JG9,HN11-6335,1,0,Vehicle,1,1,measured
365,JG9,HN11-6335,6,0,Vehicle,1.968533,1.968533,measured
366,JG9,HN11-6335,8,0,Vehicle,2.573722,2.573722,measured
367,JG9,HN11-6335,13,0,Vehicle,2.801956,2.801956,measured
368,JG9,HN11-6335,15,0,Vehicle,3.512684,3.512684,measured
369,JG9,HN11-6335,20,1,Vehicle,5.377901,5.377901,measured
370,JG9,HN11-6335,1,0,Vehicle,1,1,measured
371,JG9,HN11-6335,6,0,Vehicle,1.326682,1.326682,measured
372,JG9,HN11-6335,8,0,Vehicle,1.501688,1.501688,measured
373,JG9,HN11-6335,13,0,Vehicle,2.33588,2.33588,measured
374,JG9,HN11-6335,15,0,Vehicle,3.391082,3.391082,measured
375,JG9,HN11-6335,20,1,Vehicle,4.58839,4.58839,measured
376,JG9,HN11-6335,1,0,Vehicle,1,1,measured
377,JG9,HN11-6335,6,0,Vehicle,1.304193,1.304193,measured
378,JG9,HN11-6335,8,0,Vehicle,1.438675,1.438675,measured
379,JG9,HN11-6335,13,0,Vehicle,2.512387,2.512387,measured
380,JG9,HN11-6335,15,0,Vehicle,2.684684,2.684684,measured
381,JG9,HN11-6335,20,1,Vehicle,3.621581,3.621581,measured
382,JG9,HN11-6335,1,0,Vehicle,1,1,measured
383,JG9,HN11-6335,6,0,Vehicle,1.63394,1.63394,measured
384,JG9,HN11-6335,8,0,Vehicle,2.169496,2.169496,measured
385,JG9,HN11-6335,13,0,Vehicle,3.351681,3.351681,measured
386,JG9,HN11-6335,15,0,Vehicle,3.532399,3.532399,measured
387,JG9,HN11-6335,20,1,Vehicle,5.885906,5.885906,measured
388,JG9,HN11-6335,1,0,Cetuximab,1,1,measured
389,JG9,HN11-6335,6,0,Cetuximab,0.892405,0.892405,measured
390,JG9,HN11-6335,8,0,Cetuximab,0.765794,0.765794,measured
391,JG9,HN11-6335,13,0,Cetuximab,0.549653,0.549653,measured
392,JG9,HN11-6335,15,0,Cetuximab,0.528515,0.528515,measured
393,JG9,HN11-6335,20,1,Cetuximab,0.478056,0.478056,measured
394,JG9,HN11-6335,1,0,Cetuximab,1,1,measured
395,JG9,HN11-6335,6,0,Cetuximab,0.697907,0.697907,measured
396,JG9,HN11-6335,8,0,Cetuximab,0.5835,0.5835,measured
397,JG9,HN11-6335,13,0,Cetuximab,0.56799,0.56799,measured
398,JG9,HN11-6335,15,0,Cetuximab,0.474887,0.474887,measured
399,JG9,HN11-6335,20,1,Cetuximab,0.417264,0.417264,measured
400,JG9,HN11-6335,1,0,Cetuximab,1,1,measured
401,JG9,HN11-6335,6,0,Cetuximab,0.937723,0.937723,measured
402,JG9,HN11-6335,8,0,Cetuximab,0.77495,0.77495,measured
403,JG9,HN11-6335,13,0,Cetuximab,0.642018,0.642018,measured
404,JG9,HN11-6335,15,0,Cetuximab,0.584985,0.584985,measured
405,JG9,HN11-6335,20,1,Cetuximab,0.562224,0.562224,measured
406,JG9,HN11-6335,1,0,Cetuximab,1,1,measured
407,JG9,HN11-6335,6,0,Cetuximab,0.886165,0.886165,measured
408,JG9,HN11-6335,8,0,Cetuximab,0.793075,0.793075,measured
409,JG9,HN11-6335,13,0,Cetuximab,0.681869,0.681869,measured
410,JG9,HN11-6335,15,0,Cetuximab,0.65375,0.65375,measured
411,JG9,HN11-6335,20,1,Cetuximab,0.603355,0.603355,measured
412,JG40,HN13-7327,1,0,Vehicle,1,1,measured
413,JG40,HN13-7327,3,0,Vehicle,1.518036,1.518036,measured
414,JG40,HN13-7327,8,0,Vehicle,1.933856,1.933856,measured
415,JG40,HN13-7327,10,0,Vehicle,2.768035,2.768035,measured
416,JG40,HN13-7327,15,1,Vehicle,3.831071,3.831071,measured
417,JG40,HN13-7327,1,0,Vehicle,1,1,measured
418,JG40,HN13-7327,3,0,Vehicle,1.552764,1.552764,measured
419,JG40,HN13-7327,8,0,Vehicle,1.82147,1.82147,measured
420,JG40,HN13-7327,10,0,Vehicle,2.412831,2.412831,measured
421,JG40,HN13-7327,15,1,Vehicle,2.612547,2.612547,measured
422,JG40,HN13-7327,1,0,Vehicle,1,1,measured
423,JG40,HN13-7327,3,0,Vehicle,1.629655,1.629655,measured
424,JG40,HN13-7327,8,0,Vehicle,1.972169,1.972169,measured
425,JG40,HN13-7327,10,0,Vehicle,2.50329,2.50329,measured
426,JG40,HN13-7327,15,1,Vehicle,2.608062,2.608062,measured
427,JG40,HN13-7327,1,0,Vehicle,1,1,measured
428,JG40,HN13-7327,3,0,Vehicle,1.663991,1.663991,measured
429,JG40,HN13-7327,8,0,Vehicle,2.360413,2.360413,measured
430,JG40,HN13-7327,10,0,Vehicle,2.792215,2.792215,measured
431,JG40,HN13-7327,15,1,Vehicle,3.040867,3.040867,measured
432,JG40,HN13-7327,1,0,Cetuximab,1,1,measured
433,JG40,HN13-7327,3,0,Cetuximab,0.877464,0.877464,measured
434,JG40,HN13-7327,8,0,Cetuximab,0.715637,0.715637,measured
435,JG40,HN13-7327,10,0,Cetuximab,0.692497,0.692497,measured
436,JG40,HN13-7327,15,1,Cetuximab,0.638002,0.638002,measured
437,JG40,HN13-7327,1,0,Cetuximab,1,1,measured
438,JG40,HN13-7327,3,0,Cetuximab,0.823723,0.823723,measured
439,JG40,HN13-7327,8,0,Cetuximab,0.791943,0.791943,measured
440,JG40,HN13-7327,10,0,Cetuximab,0.789332,0.789332,measured
441,JG40,HN13-7327,15,1,Cetuximab,0.788029,0.788029,measured
442,JG40,HN13-7327,1,0,Cetuximab,1,1,measured
443,JG40,HN13-7327,3,0,Cetuximab,0.903161,0.903161,measured
444,JG40,HN13-7327,8,0,Cetuximab,0.867039,0.867039,measured
445,JG40,HN13-7327,10,0,Cetuximab,0.775449,0.775449,measured
446,JG40,HN13-7327,15,1,Cetuximab,0.625319,0.625319,measured
447,JG40,HN13-7327,1,0,Cetuximab,1,1,measured
448,JG40,HN13-7327,3,0,Cetuximab,0.667411,0.667411,measured
449,JG40,HN13-7327,8,0,Cetuximab,0.564346,0.564346,measured
450,JG40,HN13-7327,10,0,Cetuximab,0.547655,0.547655,measured
451,JG40,HN13-7327,15,1,Cetuximab,0.532244,0.532244,measured
452,JG34,HN13-7192,1,0,Vehicle,1,1,measured
453,JG34,HN13-7192,5,0,Vehicle,0.965677898,0.965677898,measured
454,JG34,HN13-7192,8,0,Vehicle,0.939535888,0.939535888,measured
455,JG34,HN13-7192,12,0,Vehicle,2.164198177,2.164198177,measured
456,JG34,HN13-7192,15,0,Vehicle,2.369881719,2.369881719,measured
457,JG34,HN13-7192,19,0,Vehicle,2.792954791,2.792954791,measured
458,JG34,HN13-7192,22,0,Vehicle,2.631141979,2.631141979,measured
459,JG34,HN13-7192,26,1,Vehicle,3.615871095,3.615871095,measured
460,JG34,HN13-7192,1,0,Vehicle,1,1,measured
461,JG34,HN13-7192,5,0,Vehicle,2.182799471,2.182799471,measured
462,JG34,HN13-7192,8,0,Vehicle,1.809008294,1.809008294,measured
463,JG34,HN13-7192,12,0,Vehicle,2.806095038,2.806095038,measured
464,JG34,HN13-7192,15,0,Vehicle,2.603205083,2.603205083,measured
465,JG34,HN13-7192,19,0,Vehicle,5.786900082,5.786900082,measured
466,JG34,HN13-7192,22,0,Vehicle,7.004477949,7.004477949,measured
467,JG34,HN13-7192,26,1,Vehicle,5.808970275,5.808970275,measured
468,JG34,HN13-7192,1,0,Vehicle,1,1,measured
469,JG34,HN13-7192,5,0,Vehicle,1.173205998,1.173205998,measured
470,JG34,HN13-7192,8,0,Vehicle,1.158028765,1.158028765,measured
471,JG34,HN13-7192,12,0,Vehicle,3.025356489,3.025356489,measured
472,JG34,HN13-7192,15,0,Vehicle,2.060605342,2.060605342,measured
473,JG34,HN13-7192,19,0,Vehicle,3.61144272,3.61144272,measured
474,JG34,HN13-7192,22,0,Vehicle,5.76545497,5.76545497,measured
475,JG34,HN13-7192,26,1,Vehicle,7.871737567,7.871737567,measured
476,JG34,HN13-7192,1,0,Vehicle,1,1,measured
477,JG34,HN13-7192,5,0,Vehicle,1.606996388,1.606996388,measured
478,JG34,HN13-7192,8,0,Vehicle,1.360403154,1.360403154,measured
479,JG34,HN13-7192,12,0,Vehicle,2.514051464,2.514051464,measured
480,JG34,HN13-7192,15,0,Vehicle,2.339791994,2.339791994,measured
481,JG34,HN13-7192,19,0,Vehicle,6.340218356,6.340218356,measured
482,JG34,HN13-7192,22,0,Vehicle,3.773007062,3.773007062,measured
483,JG34,HN13-7192,26,1,Vehicle,4.253298096,4.253298096,measured
484,JG34,HN13-7192,1,0,Vehicle,1,1,measured
485,JG34,HN13-7192,5,0,Vehicle,1.433652189,1.433652189,measured
486,JG34,HN13-7192,8,0,Vehicle,1.653526574,1.653526574,measured
487,JG34,HN13-7192,12,0,Vehicle,1.574253494,1.574253494,measured
488,JG34,HN13-7192,15,0,Vehicle,2.474030724,2.474030724,measured
489,JG34,HN13-7192,19,0,Vehicle,4.752989637,4.752989637,measured
490,JG34,HN13-7192,22,0,Vehicle,4.086023038,4.086023038,measured
491,JG34,HN13-7192,26,1,Vehicle,4.813955309,4.813955309,measured
492,JG34,HN13-7192,1,0,Cetuximab,1,1,measured
493,JG34,HN13-7192,5,0,Cetuximab,1.555213118,1.555213118,measured
494,JG34,HN13-7192,8,0,Cetuximab,1.044116673,1.044116673,measured
495,JG34,HN13-7192,12,0,Cetuximab,2.440824844,2.440824844,measured
496,JG34,HN13-7192,15,0,Cetuximab,2.834000273,2.834000273,measured
497,JG34,HN13-7192,19,0,Cetuximab,4.465724843,4.465724843,measured
498,JG34,HN13-7192,22,0,Cetuximab,3.072523337,3.072523337,measured
499,JG34,HN13-7192,26,1,Cetuximab,4.341403509,4.341403509,measured
500,JG34,HN13-7192,1,0,Cetuximab,1,1,measured
501,JG34,HN13-7192,5,0,Cetuximab,1.212296276,1.212296276,measured
502,JG34,HN13-7192,8,0,Cetuximab,1.936698519,1.936698519,measured
503,JG34,HN13-7192,12,0,Cetuximab,2.016275848,2.016275848,measured
504,JG34,HN13-7192,15,0,Cetuximab,1.809483414,1.809483414,measured
505,JG34,HN13-7192,19,0,Cetuximab,3.552619123,3.552619123,measured
506,JG34,HN13-7192,22,0,Cetuximab,2.303982471,2.303982471,measured
507,JG34,HN13-7192,26,1,Cetuximab,3.671705846,3.671705846,measured
508,JG34,HN13-7192,1,0,Cetuximab,1,1,measured
509,JG34,HN13-7192,5,0,Cetuximab,0.746565516,0.746565516,measured
510,JG34,HN13-7192,8,0,Cetuximab,0.543696966,0.543696966,measured
511,JG34,HN13-7192,12,0,Cetuximab,1.222256404,1.222256404,measured
512,JG34,HN13-7192,15,0,Cetuximab,0.8132482,0.8132482,measured
513,JG34,HN13-7192,19,0,Cetuximab,1.612236959,1.612236959,measured
514,JG34,HN13-7192,22,0,Cetuximab,1.589176195,1.589176195,measured
515,JG34,HN13-7192,26,1,Cetuximab,2.631869854,2.631869854,measured
516,JG34,HN13-7192,1,0,Cetuximab,1,1,measured
517,JG34,HN13-7192,5,0,Cetuximab,1.431504568,1.431504568,measured
518,JG34,HN13-7192,8,0,Cetuximab,1.115053733,1.115053733,measured
519,JG34,HN13-7192,12,0,Cetuximab,1.612148394,1.612148394,measured
520,JG34,HN13-7192,15,0,Cetuximab,1.469323988,1.469323988,measured
521,JG34,HN13-7192,19,0,Cetuximab,2.662274803,2.662274803,measured
522,JG34,HN13-7192,22,0,Cetuximab,1.94519433,1.94519433,measured
523,JG34,HN13-7192,26,1,Cetuximab,3.166931906,3.166931906,measured
524,JG34,HN13-7192,1,0,Cetuximab,1,1,measured
525,JG34,HN13-7192,5,0,Cetuximab,1.711724226,1.711724226,measured
526,JG34,HN13-7192,8,0,Cetuximab,1.571509631,1.571509631,measured
527,JG34,HN13-7192,12,0,Cetuximab,1.711660673,1.711660673,measured
528,JG34,HN13-7192,15,0,Cetuximab,2.150755695,2.150755695,measured
529,JG34,HN13-7192,19,0,Cetuximab,3.900354101,3.900354101,measured
530,JG34,HN13-7192,22,0,Cetuximab,2.384012996,2.384012996,measured
531,JG34,HN13-7192,26,1,Cetuximab,3.954653664,3.954653664,measured
532,JG64,HN173,1,0,Vehicle,1,1,measured
533,JG64,HN173,3,0,Vehicle,1.207396785,1.207396785,measured
534,JG64,HN173,5,0,Vehicle,1.601477329,1.601477329,measured
535,JG64,HN173,8,0,Vehicle,1.87399103,1.87399103,measured
536,JG64,HN173,10,0,Vehicle,2.024605777,2.024605777,measured
537,JG64,HN173,12,0,Vehicle,2.602013785,2.602013785,measured
538,JG64,HN173,15,0,Vehicle,2.997812887,2.997812887,measured
539,JG64,HN173,17,0,Vehicle,3.467518547,3.467518547,measured
540,JG64,HN173,19,0,Vehicle,3.64145239,3.64145239,measured
541,JG64,HN173,22,1,Vehicle,4.352504887,4.352504887,measured
542,JG64,HN173,1,0,Vehicle,1,1,measured
543,JG64,HN173,3,0,Vehicle,1.221597161,1.221597161,measured
544,JG64,HN173,5,0,Vehicle,1.533068344,1.533068344,measured
545,JG64,HN173,8,0,Vehicle,2.009129332,2.009129332,measured
546,JG64,HN173,10,0,Vehicle,2.281391703,2.281391703,measured
547,JG64,HN173,12,0,Vehicle,2.463475537,2.463475537,measured
548,JG64,HN173,15,0,Vehicle,3.0497309,3.0497309,measured
549,JG64,HN173,17,0,Vehicle,3.225552453,3.225552453,measured
550,JG64,HN173,19,0,Vehicle,3.278755221,3.278755221,measured
551,JG64,HN173,22,1,Vehicle,3.414303652,3.414303652,measured
552,JG64,HN173,1,0,Vehicle,1,1,measured
553,JG64,HN173,3,0,Vehicle,1.173840812,1.173840812,measured
554,JG64,HN173,5,0,Vehicle,1.511677024,1.511677024,measured
555,JG64,HN173,8,0,Vehicle,1.934914228,1.934914228,measured
556,JG64,HN173,10,0,Vehicle,2.121272461,2.121272461,measured
557,JG64,HN173,12,0,Vehicle,2.527991483,2.527991483,measured
558,JG64,HN173,15,0,Vehicle,2.905261623,2.905261623,measured
559,JG64,HN173,17,0,Vehicle,3.408625583,3.408625583,measured
560,JG64,HN173,19,0,Vehicle,3.479111354,3.479111354,measured
561,JG64,HN173,22,1,Vehicle,3.977995937,3.977995937,measured
562,JG64,HN173,1,0,Vehicle,1,1,measured
563,JG64,HN173,3,0,Vehicle,1.414546117,1.414546117,measured
564,JG64,HN173,5,0,Vehicle,1.646999838,1.646999838,measured
565,JG64,HN173,8,0,Vehicle,1.71776063,1.71776063,measured
566,JG64,HN173,10,0,Vehicle,2.097851809,2.097851809,measured
567,JG64,HN173,12,0,Vehicle,2.409713547,2.409713547,measured
568,JG64,HN173,15,0,Vehicle,2.55715514,2.55715514,measured
569,JG64,HN173,17,0,Vehicle,3.178484717,3.178484717,measured
570,JG64,HN173,19,0,Vehicle,4.27342892,4.27342892,measured
571,JG64,HN173,22,1,Vehicle,4.742530741,4.742530741,measured
572,JG64,HN173,1,0,Vehicle,1,1,measured
573,JG64,HN173,3,0,Vehicle,1.217744381,1.217744381,measured
574,JG64,HN173,5,0,Vehicle,1.369389964,1.369389964,measured
575,JG64,HN173,8,0,Vehicle,1.447606393,1.447606393,measured
576,JG64,HN173,10,0,Vehicle,1.828760998,1.828760998,measured
577,JG64,HN173,12,0,Vehicle,1.914743436,1.914743436,measured
578,JG64,HN173,15,0,Vehicle,2.224995418,2.224995418,measured
579,JG64,HN173,17,0,Vehicle,2.759716851,2.759716851,measured
580,JG64,HN173,19,0,Vehicle,3.322579705,3.322579705,measured
581,JG64,HN173,22,1,Vehicle,3.454582335,3.454582335,measured
582,JG64,HN173,1,0,Cetuximab,1,1,measured
583,JG64,HN173,3,0,Cetuximab,0.859812186,0.859812186,measured
584,JG64,HN173,5,0,Cetuximab,0.728080319,0.728080319,measured
585,JG64,HN173,8,0,Cetuximab,0.68590845,0.68590845,measured
586,JG64,HN173,10,0,Cetuximab,0.460689597,0.460689597,measured
587,JG64,HN173,12,0,Cetuximab,0.393923932,0.393923932,measured
588,JG64,HN173,15,0,Cetuximab,0.325007172,0.325007172,measured
589,JG64,HN173,17,0,Cetuximab,0.298937293,0.298937293,measured
590,JG64,HN173,19,0,Cetuximab,0.211628864,0.211628864,measured
591,JG64,HN173,22,1,Cetuximab,0.166567212,0.166567212,measured
592,JG64,HN173,1,0,Cetuximab,1,1,measured
593,JG64,HN173,3,0,Cetuximab,0.997308968,0.997308968,measured
594,JG64,HN173,5,0,Cetuximab,1.024838009,1.024838009,measured
595,JG64,HN173,8,0,Cetuximab,0.696767801,0.696767801,measured
596,JG64,HN173,10,0,Cetuximab,0.491080056,0.491080056,measured
597,JG64,HN173,12,0,Cetuximab,0.445674904,0.445674904,measured
598,JG64,HN173,15,0,Cetuximab,0.436141516,0.436141516,measured
599,JG64,HN173,17,0,Cetuximab,0.402009719,0.402009719,measured
600,JG64,HN173,19,0,Cetuximab,0.353149223,0.353149223,measured
601,JG64,HN173,22,1,Cetuximab,0.325981267,0.325981267,measured
602,JG64,HN173,1,0,Cetuximab,1,1,measured
603,JG64,HN173,3,0,Cetuximab,1.015192809,1.015192809,measured
604,JG64,HN173,5,0,Cetuximab,0.886609694,0.886609694,measured
605,JG64,HN173,8,0,Cetuximab,0.73709601,0.73709601,measured
606,JG64,HN173,10,0,Cetuximab,0.448658386,0.448658386,measured
607,JG64,HN173,12,0,Cetuximab,0.3818318,0.3818318,measured
608,JG64,HN173,15,0,Cetuximab,0.378311543,0.378311543,measured
609,JG64,HN173,17,0,Cetuximab,0.374068511,0.374068511,measured
610,JG64,HN173,19,0,Cetuximab,0.341831228,0.341831228,measured
611,JG64,HN173,22,1,Cetuximab,0.333663343,0.333663343,measured
612,JG64,HN173,1,0,Cetuximab,1,1,measured
613,JG64,HN173,3,0,Cetuximab,1.08622181,1.08622181,measured
614,JG64,HN173,5,0,Cetuximab,1.134284809,1.134284809,measured
615,JG64,HN173,8,0,Cetuximab,0.864328886,0.864328886,measured
616,JG64,HN173,10,0,Cetuximab,0.76177815,0.76177815,measured
617,JG64,HN173,12,0,Cetuximab,0.736783809,0.736783809,measured
618,JG64,HN173,15,0,Cetuximab,0.71114838,0.71114838,measured
619,JG64,HN173,17,0,Cetuximab,0.678951003,0.678951003,measured
620,JG64,HN173,19,0,Cetuximab,0.585493655,0.585493655,measured
621,JG64,HN173,22,1,Cetuximab,0.519682214,0.519682214,measured
622,JG64,HN173,1,0,Cetuximab,1,1,measured
623,JG64,HN173,3,0,Cetuximab,0.83296944,0.83296944,measured
624,JG64,HN173,5,0,Cetuximab,0.744020232,0.744020232,measured
625,JG64,HN173,8,0,Cetuximab,0.69066776,0.69066776,measured
626,JG64,HN173,10,0,Cetuximab,0.627982662,0.627982662,measured
627,JG64,HN173,12,0,Cetuximab,0.619011114,0.619011114,measured
628,JG64,HN173,15,0,Cetuximab,0.591220514,0.591220514,measured
629,JG64,HN173,17,0,Cetuximab,0.561725408,0.561725408,measured
630,JG64,HN173,19,0,Cetuximab,0.524738457,0.524738457,measured
631,JG64,HN173,22,1,Cetuximab,0.421037279,0.421037279,measured
632,JG60,HN168 (HN17-062117),1,0,Vehicle,1,1,measured
633,JG60,HN168 (HN17-062117),3,0,Vehicle,1.359452946,1.359452946,measured
634,JG60,HN168 (HN17-062117),6,0,Vehicle,2.15014966,2.15014966,measured
635,JG60,HN168 (HN17-062117),8,0,Vehicle,2.840167198,2.840167198,measured
636,JG60,HN168 (HN17-062117),10,0,Vehicle,3.101316021,3.101316021,measured
637,JG60,HN168 (HN17-062117),13,0,Vehicle,5.084971535,5.084971535,measured
638,JG60,HN168 (HN17-062117),15,1,Vehicle,5.365655386,5.365655386,measured
639,JG60,HN168 (HN17-062117),1,0,Vehicle,1,1,measured
640,JG60,HN168 (HN17-062117),3,0,Vehicle,2.134678081,2.134678081,measured
641,JG60,HN168 (HN17-062117),6,0,Vehicle,3.059229634,3.059229634,measured
642,JG60,HN168 (HN17-062117),8,0,Vehicle,3.898550421,3.898550421,measured
643,JG60,HN168 (HN17-062117),10,0,Vehicle,4.368537333,4.368537333,measured
644,JG60,HN168 (HN17-062117),13,0,Vehicle,5.738064543,5.738064543,measured
645,JG60,HN168 (HN17-062117),15,1,Vehicle,6.957776791,6.957776791,measured
646,JG60,HN168 (HN17-062117),1,0,Vehicle,1,1,measured
647,JG60,HN168 (HN17-062117),3,0,Vehicle,1.86563919,1.86563919,measured
648,JG60,HN168 (HN17-062117),6,0,Vehicle,2.43360881,2.43360881,measured
649,JG60,HN168 (HN17-062117),8,0,Vehicle,2.696433888,2.696433888,measured
650,JG60,HN168 (HN17-062117),10,0,Vehicle,3.163289794,3.163289794,measured
651,JG60,HN168 (HN17-062117),13,0,Vehicle,3.857174198,3.857174198,measured
652,JG60,HN168 (HN17-062117),15,1,Vehicle,4.595091551,4.595091551,measured
653,JG60,HN168 (HN17-062117),1,0,Vehicle,1,1,measured
654,JG60,HN168 (HN17-062117),3,0,Vehicle,1.991822763,1.991822763,measured
655,JG60,HN168 (HN17-062117),6,0,Vehicle,3.038636399,3.038636399,measured
656,JG60,HN168 (HN17-062117),8,0,Vehicle,3.380414578,3.380414578,measured
657,JG60,HN168 (HN17-062117),10,0,Vehicle,3.559054046,3.559054046,measured
658,JG60,HN168 (HN17-062117),13,0,Vehicle,4.361187527,4.361187527,measured
659,JG60,HN168 (HN17-062117),15,1,Vehicle,5.871472308,5.871472308,measured
660,JG60,HN168 (HN17-062117),1,0,Vehicle,1,1,measured
661,JG60,HN168 (HN17-062117),3,0,Vehicle,1.632704825,1.632704825,measured
662,JG60,HN168 (HN17-062117),6,0,Vehicle,2.028046394,2.028046394,measured
663,JG60,HN168 (HN17-062117),8,0,Vehicle,2.558140843,2.558140843,measured
664,JG60,HN168 (HN17-062117),10,0,Vehicle,2.933251227,2.933251227,measured
665,JG60,HN168 (HN17-062117),13,0,Vehicle,3.595956566,3.595956566,measured
666,JG60,HN168 (HN17-062117),15,1,Vehicle,4.23193468,4.23193468,measured
667,JG60,HN168 (HN17-062117),1,0,Cetuximab,1,1,measured
668,JG60,HN168 (HN17-062117),3,0,Cetuximab,1.493460859,1.493460859,measured
669,JG60,HN168 (HN17-062117),6,0,Cetuximab,1.899512635,1.899512635,measured
670,JG60,HN168 (HN17-062117),8,0,Cetuximab,2.132590271,2.132590271,measured
671,JG60,HN168 (HN17-062117),10,0,Cetuximab,3.005957049,3.005957049,measured
672,JG60,HN168 (HN17-062117),13,0,Cetuximab,3.593742409,3.593742409,measured
673,JG60,HN168 (HN17-062117),15,1,Cetuximab,4.580558299,4.580558299,measured
674,JG60,HN168 (HN17-062117),1,0,Cetuximab,1,1,measured
675,JG60,HN168 (HN17-062117),3,0,Cetuximab,1.273972422,1.273972422,measured
676,JG60,HN168 (HN17-062117),6,0,Cetuximab,2.004364851,2.004364851,measured
677,JG60,HN168 (HN17-062117),8,0,Cetuximab,2.198932988,2.198932988,measured
678,JG60,HN168 (HN17-062117),10,0,Cetuximab,2.976758202,2.976758202,measured
679,JG60,HN168 (HN17-062117),13,0,Cetuximab,4.159668826,4.159668826,measured
680,JG60,HN168 (HN17-062117),15,1,Cetuximab,4.459897709,4.459897709,measured
681,JG60,HN168 (HN17-062117),1,0,Cetuximab,1,1,measured
682,JG60,HN168 (HN17-062117),3,0,Cetuximab,1.456059862,1.456059862,measured
683,JG60,HN168 (HN17-062117),6,0,Cetuximab,1.965410301,1.965410301,measured
684,JG60,HN168 (HN17-062117),8,0,Cetuximab,2.55600215,2.55600215,measured
685,JG60,HN168 (HN17-062117),10,0,Cetuximab,2.851668408,2.851668408,measured
686,JG60,HN168 (HN17-062117),13,0,Cetuximab,4.288603684,4.288603684,measured
687,JG60,HN168 (HN17-062117),15,1,Cetuximab,4.994812923,4.994812923,measured
688,JG60,HN168 (HN17-062117),1,0,Cetuximab,1,1,measured
689,JG60,HN168 (HN17-062117),3,0,Cetuximab,1.637825552,1.637825552,measured
690,JG60,HN168 (HN17-062117),6,0,Cetuximab,2.141618972,2.141618972,measured
691,JG60,HN168 (HN17-062117),8,0,Cetuximab,2.264400196,2.264400196,measured
692,JG60,HN168 (HN17-062117),10,0,Cetuximab,2.834243986,2.834243986,measured
693,JG60,HN168 (HN17-062117),13,0,Cetuximab,4.095807731,4.095807731,measured
694,JG60,HN168 (HN17-062117),15,1,Cetuximab,4.827413716,4.827413716,measured
695,JG60,HN168 (HN17-062117),1,0,Cetuximab,1,1,measured
696,JG60,HN168 (HN17-062117),3,0,Cetuximab,1.224453975,1.224453975,measured
697,JG60,HN168 (HN17-062117),6,0,Cetuximab,1.793902307,1.793902307,measured
698,JG60,HN168 (HN17-062117),8,0,Cetuximab,1.881894354,1.881894354,measured
699,JG60,HN168 (HN17-062117),10,0,Cetuximab,2.348580375,2.348580375,measured
700,JG60,HN168 (HN17-062117),13,0,Cetuximab,3.293765412,3.293765412,measured
701,JG60,HN168 (HN17-062117),15,1,Cetuximab,4.684980842,4.684980842,measured
702,JG11,HN12-6431,1,0,Vehicle,1,1,measured
703,JG11,HN12-6431,3,0,Vehicle,1.051303491,1.051303491,measured
704,JG11,HN12-6431,6,0,Vehicle,1.404631953,1.404631953,measured
705,JG11,HN12-6431,8,0,Vehicle,1.457942378,1.457942378,measured
706,JG11,HN12-6431,10,0,Vehicle,1.558355411,1.558355411,measured
707,JG11,HN12-6431,13,1,Vehicle,1.687165647,1.687165647,measured
708,JG11,HN12-6431,1,0,Vehicle,1,1,measured
709,JG11,HN12-6431,3,0,Vehicle,1.09154333,1.09154333,measured
710,JG11,HN12-6431,6,0,Vehicle,1.319824117,1.319824117,measured
711,JG11,HN12-6431,8,0,Vehicle,1.535337403,1.535337403,measured
712,JG11,HN12-6431,10,0,Vehicle,1.998512097,1.998512097,measured
713,JG11,HN12-6431,13,1,Vehicle,2.325442208,2.325442208,measured
714,JG11,HN12-6431,1,0,Vehicle,1,1,measured
715,JG11,HN12-6431,3,0,Vehicle,1.163075111,1.163075111,measured
716,JG11,HN12-6431,6,0,Vehicle,1.192906386,1.192906386,measured
717,JG11,HN12-6431,8,0,Vehicle,1.234064552,1.234064552,measured
718,JG11,HN12-6431,10,0,Vehicle,1.320144137,1.320144137,measured
719,JG11,HN12-6431,13,1,Vehicle,1.409633776,1.409633776,measured
720,JG11,HN12-6431,1,0,Vehicle,1,1,measured
721,JG11,HN12-6431,3,0,Vehicle,1.253454134,1.253454134,measured
722,JG11,HN12-6431,6,0,Vehicle,1.48372207,1.48372207,measured
723,JG11,HN12-6431,8,0,Vehicle,1.544841763,1.544841763,measured
724,JG11,HN12-6431,10,0,Vehicle,1.725449155,1.725449155,measured
725,JG11,HN12-6431,13,1,Vehicle,1.852403855,1.852403855,measured
726,JG11,HN12-6431,1,0,Cetuximab,1,1,measured
727,JG11,HN12-6431,3,0,Cetuximab,1.01206308,1.01206308,measured
728,JG11,HN12-6431,6,0,Cetuximab,0.706119887,0.706119887,measured
729,JG11,HN12-6431,8,0,Cetuximab,0.683360152,0.683360152,measured
730,JG11,HN12-6431,10,0,Cetuximab,0.642407866,0.642407866,measured
731,JG11,HN12-6431,13,1,Cetuximab,0.588866848,0.588866848,measured
732,JG11,HN12-6431,1,0,Cetuximab,1,1,measured
733,JG11,HN12-6431,3,0,Cetuximab,0.899999788,0.899999788,measured
734,JG11,HN12-6431,6,0,Cetuximab,0.604402439,0.604402439,measured
735,JG11,HN12-6431,8,0,Cetuximab,0.563469041,0.563469041,measured
736,JG11,HN12-6431,10,0,Cetuximab,0.546993154,0.546993154,measured
737,JG11,HN12-6431,13,1,Cetuximab,0.508680297,0.508680297,measured
738,JG11,HN12-6431,1,0,Cetuximab,1,1,measured
739,JG11,HN12-6431,3,0,Cetuximab,0.846308608,0.846308608,measured
740,JG11,HN12-6431,6,0,Cetuximab,0.756247615,0.756247615,measured
741,JG11,HN12-6431,8,0,Cetuximab,0.737205348,0.737205348,measured
742,JG11,HN12-6431,10,0,Cetuximab,0.696766932,0.696766932,measured
743,JG11,HN12-6431,13,1,Cetuximab,0.663564898,0.663564898,measured
744,JG11,HN12-6431,1,0,Cetuximab,1,1,measured
745,JG11,HN12-6431,3,0,Cetuximab,0.906144344,0.906144344,measured
746,JG11,HN12-6431,6,0,Cetuximab,0.703660294,0.703660294,measured
747,JG11,HN12-6431,8,0,Cetuximab,0.699673362,0.699673362,measured
748,JG11,HN12-6431,10,0,Cetuximab,0.693009666,0.693009666,measured
749,JG11,HN12-6431,13,1,Cetuximab,0.635989739,0.635989739,measured
