id,pdxNumber,hpv,experimentalResponse,gene,probe,rna,protein,rnaSourceValue,rnaStatus,rnaPercentile,proteinPercentile,rankGap
JG1,HN11-5822,Negative,S,CAV1,Caveolin1RV,-0.081669,0.206273595,-0.081669,measured,45.3125,54.6875,9.375
JG1,HN11-5822,Negative,S,SOX2,Sox2RV,-1.4514,-0.379425153,-1.4514,measured,9.523809523809524,25.0,15.476190476190476
JG1,HN11-5822,Negative,S,AXL,AxlRV,-1.2825,-0.855072559,-1.2825,measured,28.125,25.0,3.125
JG1,HN11-5822,Negative,S,TMEM173,STINGRV,0.87878,1.485455066,0.87878,measured,75.0,82.8125,7.8125
JG1,HN11-5822,Negative,S,BRD4,BRD4RV,-0.07015,-0.655538245,-0.07015,measured,43.75,7.8125,35.9375
JG1,HN11-5822,Negative,S,CLDN7,Claudin7RV,-0.87077,-0.0570137,-0.87077,measured,31.746031746031747,37.5,5.753968253968253
JG1,HN11-5822,Negative,S,GJA1,Connexin43RC,0.35097,0.411307814,0.35097,measured,59.375,59.375,0.0
JG1,HN11-5822,Negative,S,FN1,FibronectinRV,2.5679,0.224062296,2.5679,measured,75.0,60.9375,14.0625
JG2,HN11-5944,Negative,not evaluated,CAV1,Caveolin1RV,-2.6093,-1.293701821,-2.6093,measured,10.9375,14.0625,3.125
JG2,HN11-5944,Negative,not evaluated,SOX2,Sox2RV,,-0.908264632,#NAME?,source_error,,3.125,
JG2,HN11-5944,Negative,not evaluated,AXL,AxlRV,0.98196,1.011425561,0.98196,measured,65.625,78.125,12.5
JG2,HN11-5944,Negative,not evaluated,TMEM173,STINGRV,-1.2008,-2.171724242,-1.2008,measured,12.5,10.9375,1.5625
JG2,HN11-5944,Negative,not evaluated,BRD4,BRD4RV,0,-0.009331388,0,measured,47.65625,48.4375,0.78125
JG2,HN11-5944,Negative,not evaluated,CLDN7,Claudin7RV,-2.6692,0.133716113,-2.6692,measured,14.285714285714286,59.375,45.089285714285715
JG2,HN11-5944,Negative,not evaluated,GJA1,Connexin43RC,0.061409,0.535676588,0.061409,measured,51.5625,65.625,14.0625
JG2,HN11-5944,Negative,not evaluated,FN1,FibronectinRV,0.82442,-0.001955244,0.82442,measured,57.8125,46.875,10.9375
JG3,HN11-6062,Negative,S,CAV1,Caveolin1RV,0.93832,0.491159422,0.93832,measured,68.75,60.9375,7.8125
JG3,HN11-6062,Negative,S,SOX2,Sox2RV,0.027255,-0.208241364,0.027255,measured,47.61904761904762,37.5,10.11904761904762
JG3,HN11-6062,Negative,S,AXL,AxlRV,0.34437,0.04867591,0.34437,measured,53.125,50.0,3.125
JG3,HN11-6062,Negative,S,TMEM173,STINGRV,-0.28656,-0.615743268,-0.28656,measured,39.0625,31.25,7.8125
JG3,HN11-6062,Negative,S,BRD4,BRD4RV,-0.72438,-0.109029938,-0.72438,measured,18.75,37.5,18.75
JG3,HN11-6062,Negative,S,CLDN7,Claudin7RV,-2.0089,0.159062777,-2.0089,measured,20.634920634920636,60.9375,40.30257936507937
JG3,HN11-6062,Negative,S,GJA1,Connexin43RC,2.483,1.658385789,2.483,measured,98.4375,98.4375,0.0
JG3,HN11-6062,Negative,S,FN1,FibronectinRV,0.40195,-0.476639627,0.40195,measured,50.0,18.75,31.25
JG4,HN11-6031,Negative,not evaluated,CAV1,Caveolin1RV,0.67879,0.525386645,0.67879,measured,62.5,65.625,3.125
JG4,HN11-6031,Negative,not evaluated,SOX2,Sox2RV,-0.25873,-0.766660845,-0.25873,measured,36.507936507936506,6.25,30.257936507936506
JG4,HN11-6031,Negative,not evaluated,AXL,AxlRV,-1.1238,-0.81179861,-1.1238,measured,31.25,29.6875,1.5625
JG4,HN11-6031,Negative,not evaluated,TMEM173,STINGRV,0.72954,1.372168875,0.72954,measured,65.625,81.25,15.625
JG4,HN11-6031,Negative,not evaluated,BRD4,BRD4RV,-0.075959,-0.601468601,-0.075959,measured,42.1875,10.9375,31.25
JG4,HN11-6031,Negative,not evaluated,CLDN7,Claudin7RV,-0.47682,-0.064676843,-0.47682,measured,38.095238095238095,35.9375,2.157738095238095
JG4,HN11-6031,Negative,not evaluated,GJA1,Connexin43RC,1.4488,0.498731382,1.4488,measured,87.5,64.0625,23.4375
JG4,HN11-6031,Negative,not evaluated,FN1,FibronectinRV,1.3854,-0.465399725,1.3854,measured,60.9375,20.3125,40.625
JG5,HN11-6213,Positive,not evaluated,CAV1,Caveolin1RV,-4.7171,-1.559847216,-4.7171,measured,1.5625,4.6875,3.125
JG5,HN11-6213,Positive,not evaluated,SOX2,Sox2RV,2.5711,1.390724953,2.5711,measured,77.77777777777777,84.375,6.5972222222222285
JG5,HN11-6213,Positive,not evaluated,AXL,AxlRV,-2.8408,-1.508787073,-2.8408,measured,12.5,3.125,9.375
JG5,HN11-6213,Positive,not evaluated,TMEM173,STINGRV,-5.2536,-2.551152923,-5.2536,measured,0.0,9.375,9.375
JG5,HN11-6213,Positive,not evaluated,BRD4,BRD4RV,1.0989,0.945046221,1.0989,measured,85.9375,81.25,4.6875
JG5,HN11-6213,Positive,not evaluated,CLDN7,Claudin7RV,3.4533,1.254194771,3.4533,measured,96.82539682539682,89.0625,7.7628968253968225
JG5,HN11-6213,Positive,not evaluated,GJA1,Connexin43RC,-2.2072,-2.105884515,-2.2072,measured,10.9375,9.375,1.5625
JG5,HN11-6213,Positive,not evaluated,FN1,FibronectinRV,-6.0843,-1.323031201,-6.0843,measured,1.5625,4.6875,3.125
JG6,HN11-6214,Negative,not evaluated,CAV1,Caveolin1RV,-1.4582,-0.328826934,-1.4582,measured,23.4375,42.1875,18.75
JG6,HN11-6214,Negative,not evaluated,SOX2,Sox2RV,-1.5425,-0.282094019,-1.5425,measured,6.349206349206349,31.25,24.900793650793652
JG6,HN11-6214,Negative,not evaluated,AXL,AxlRV,-0.96997,-0.975433035,-0.96997,measured,36.71875,21.875,14.84375
JG6,HN11-6214,Negative,not evaluated,TMEM173,STINGRV,-0.94088,-2.83844689,-0.94088,measured,17.1875,6.25,10.9375
JG6,HN11-6214,Negative,not evaluated,BRD4,BRD4RV,-0.38649,-0.873654531,-0.38649,measured,28.125,1.5625,26.5625
JG6,HN11-6214,Negative,not evaluated,CLDN7,Claudin7RV,-6.1717,0.051443587,-6.1717,measured,2.380952380952381,51.5625,49.18154761904762
JG6,HN11-6214,Negative,not evaluated,GJA1,Connexin43RC,1.7035,0.353994042,1.7035,measured,93.75,57.8125,35.9375
JG6,HN11-6214,Negative,not evaluated,FN1,FibronectinRV,-4.1968,0.587884603,-4.1968,measured,7.8125,71.875,64.0625
JG7,HN11-6225,Negative,R,CAV1,Caveolin1RV,-1.6052,-0.237536221,-1.6052,measured,21.875,45.3125,23.4375
JG7,HN11-6225,Negative,R,SOX2,Sox2RV,3.3973,1.951606567,3.3973,measured,90.47619047619048,90.625,0.1488095238095184
JG7,HN11-6225,Negative,R,AXL,AxlRV,-1.6731,-0.987552875,-1.6731,measured,23.4375,20.3125,3.125
JG7,HN11-6225,Negative,R,TMEM173,STINGRV,0.52276,0.959531344,0.52276,measured,64.0625,75.0,10.9375
JG7,HN11-6225,Negative,R,BRD4,BRD4RV,-0.19987,-0.088396313,-0.19987,measured,35.9375,39.0625,3.125
JG7,HN11-6225,Negative,R,CLDN7,Claudin7RV,2.2104,0.631810858,2.2104,measured,76.19047619047619,78.125,1.9345238095238102
JG7,HN11-6225,Negative,R,GJA1,Connexin43RC,0.59427,-0.212866095,0.59427,measured,70.3125,37.5,32.8125
JG7,HN11-6225,Negative,R,FN1,FibronectinRV,-3.7768,-1.094298787,-3.7768,measured,12.5,7.8125,4.6875
JG8,HN11-6282,Negative,S,CAV1,Caveolin1RV,1.0053,0.494828955,1.0053,measured,70.3125,62.5,7.8125
JG8,HN11-6282,Negative,S,SOX2,Sox2RV,1.2106,0.768583131,1.2106,measured,61.904761904761905,62.5,0.5952380952380949
JG8,HN11-6282,Negative,S,AXL,AxlRV,2.49,2.338426822,2.49,measured,87.5,98.4375,10.9375
JG8,HN11-6282,Negative,S,TMEM173,STINGRV,-0.64074,-0.265979316,-0.64074,measured,26.5625,40.625,14.0625
JG8,HN11-6282,Negative,S,BRD4,BRD4RV,-0.74768,-0.259007297,-0.74768,measured,14.0625,23.4375,9.375
JG8,HN11-6282,Negative,S,CLDN7,Claudin7RV,-0.15329,-0.199205899,-0.15329,measured,44.44444444444444,28.125,16.319444444444443
JG8,HN11-6282,Negative,S,GJA1,Connexin43RC,1.5082,1.126776595,1.5082,measured,89.0625,85.9375,3.125
JG8,HN11-6282,Negative,S,FN1,FibronectinRV,3.7138,0.266418587,3.7138,measured,82.8125,64.0625,18.75
JG9,HN11-6335,Negative,S,CAV1,Caveolin1RV,-0.31349,0.515299502,-0.31349,measured,42.1875,64.0625,21.875
JG9,HN11-6335,Negative,S,SOX2,Sox2RV,-0.86969,-0.214540621,-0.86969,measured,20.634920634920636,35.9375,15.302579365079364
JG9,HN11-6335,Negative,S,AXL,AxlRV,0.067365,0.497139472,0.067365,measured,51.5625,62.5,10.9375
JG9,HN11-6335,Negative,S,TMEM173,STINGRV,-1.6763,-0.996939256,-1.6763,measured,7.8125,18.75,10.9375
JG9,HN11-6335,Negative,S,BRD4,BRD4RV,-0.29422,0.157402225,-0.29422,measured,31.25,56.25,25.0
JG9,HN11-6335,Negative,S,CLDN7,Claudin7RV,-6.1717,-0.240903896,-6.1717,measured,2.380952380952381,23.4375,21.05654761904762
JG9,HN11-6335,Negative,S,GJA1,Connexin43RC,0.58745,0.248203636,0.58745,measured,68.75,54.6875,14.0625
JG9,HN11-6335,Negative,S,FN1,FibronectinRV,2.2062,0.605003545,2.2062,measured,68.75,73.4375,4.6875
JG10,HN11-6397,Negative,not evaluated,CAV1,Caveolin1RV,-1.6365,-0.235513897,-1.6365,measured,18.75,46.875,28.125
JG10,HN11-6397,Negative,not evaluated,SOX2,Sox2RV,0.57456,-0.095428462,0.57456,measured,55.55555555555556,43.75,11.805555555555557
JG10,HN11-6397,Negative,not evaluated,AXL,AxlRV,-2.042,-0.608600544,-2.042,measured,21.875,35.9375,14.0625
JG10,HN11-6397,Negative,not evaluated,TMEM173,STINGRV,0.79175,1.89212492,0.79175,measured,68.75,87.5,18.75
JG10,HN11-6397,Negative,not evaluated,BRD4,BRD4RV,-0.76572,-0.387888634,-0.76572,measured,12.5,17.1875,4.6875
JG10,HN11-6397,Negative,not evaluated,CLDN7,Claudin7RV,0.58081,0.06445783,0.58081,measured,53.96825396825397,53.125,0.8432539682539684
JG10,HN11-6397,Negative,not evaluated,GJA1,Connexin43RC,0.29106,-0.505372194,0.29106,measured,56.25,29.6875,26.5625
JG10,HN11-6397,Negative,not evaluated,FN1,FibronectinRV,-2.1162,-0.906979961,-2.1162,measured,34.375,14.0625,20.3125
JG11,HN12-6431,Negative,S,CAV1,Caveolin1RV,-0.9417,1.489908437,-0.9417,measured,28.125,98.4375,70.3125
JG11,HN12-6431,Negative,S,SOX2,Sox2RV,-0.34727,-0.162971095,-0.34727,measured,30.158730158730158,40.625,10.466269841269842
JG11,HN12-6431,Negative,S,AXL,AxlRV,-0.60021,0.328515593,-0.60021,measured,40.625,51.5625,10.9375
JG11,HN12-6431,Negative,S,TMEM173,STINGRV,1.5314,-0.810875944,1.5314,measured,92.1875,25.0,67.1875
JG11,HN12-6431,Negative,S,BRD4,BRD4RV,0.20296,-0.075339516,0.20296,measured,62.5,40.625,21.875
JG11,HN12-6431,Negative,S,CLDN7,Claudin7RV,1.4081,-0.033852987,1.4081,measured,63.492063492063494,43.75,19.742063492063494
JG11,HN12-6431,Negative,S,GJA1,Connexin43RC,-0.80825,1.04394679,-0.80825,measured,34.375,82.8125,48.4375
JG11,HN12-6431,Negative,S,FN1,FibronectinRV,2.2702,0.150825524,2.2702,measured,71.875,54.6875,17.1875
JG12,HN12-6722,Negative,S,CAV1,Caveolin1RV,0.33746,0.450963712,0.33746,measured,54.6875,59.375,4.6875
JG12,HN12-6722,Negative,S,SOX2,Sox2RV,-0.86315,-0.38990711,-0.86315,measured,22.22222222222222,23.4375,1.2152777777777786
JG12,HN12-6722,Negative,S,AXL,AxlRV,-0.34067,-0.031028605,-0.34067,measured,43.75,45.3125,1.5625
JG12,HN12-6722,Negative,S,TMEM173,STINGRV,-0.78164,-2.757137784,-0.78164,measured,21.875,7.8125,14.0625
JG12,HN12-6722,Negative,S,BRD4,BRD4RV,-0.12731,0.007519122,-0.12731,measured,39.0625,50.0,10.9375
JG12,HN12-6722,Negative,S,CLDN7,Claudin7RV,-6.306,-0.045480208,-6.306,measured,0.0,40.625,40.625
JG12,HN12-6722,Negative,S,GJA1,Connexin43RC,1.6475,0.561447594,1.6475,measured,92.1875,68.75,23.4375
JG12,HN12-6722,Negative,S,FN1,FibronectinRV,0,-0.215337428,0,measured,48.4375,35.9375,12.5
JG13,HN12-6744,Negative,S,CAV1,Caveolin1RV,0,-0.408020037,0,measured,48.4375,40.625,7.8125
JG13,HN12-6744,Negative,S,SOX2,Sox2RV,-4.9881,-0.944344026,-4.9881,measured,3.1746031746031744,0.0,3.1746031746031744
JG13,HN12-6744,Negative,S,AXL,AxlRV,0.79111,0.372351135,0.79111,measured,60.9375,56.25,4.6875
JG13,HN12-6744,Negative,S,TMEM173,STINGRV,-0.19345,-0.502950524,-0.19345,measured,43.75,34.375,9.375
JG13,HN12-6744,Negative,S,BRD4,BRD4RV,-0.10417,1.20415005,-0.10417,measured,40.625,89.0625,48.4375
JG13,HN12-6744,Negative,S,CLDN7,Claudin7RV,-2.2691,-0.069246908,-2.2691,measured,15.873015873015873,34.375,18.501984126984127
JG13,HN12-6744,Negative,S,GJA1,Connexin43RC,-0.66162,-1.535372769,-0.66162,measured,39.0625,17.1875,21.875
JG13,HN12-6744,Negative,S,FN1,FibronectinRV,0.70689,-0.293346398,0.70689,measured,53.125,29.6875,23.4375
JG14,HN12-6758,Positive,R,CAV1,Caveolin1RV,-2.7735,-1.271257698,-2.7735,measured,6.25,15.625,9.375
JG14,HN12-6758,Positive,R,SOX2,Sox2RV,-5.1916,1.372268294,-5.1916,measured,1.5873015873015872,82.8125,81.22519841269842
JG14,HN12-6758,Positive,R,AXL,AxlRV,-3.9863,-0.684471767,-3.9863,measured,6.25,34.375,28.125
JG14,HN12-6758,Positive,R,TMEM173,STINGRV,-3.5698,2.387059481,-3.5698,measured,4.6875,93.75,89.0625
JG14,HN12-6758,Positive,R,BRD4,BRD4RV,-0.54395,1.274510329,-0.54395,measured,23.4375,92.1875,68.75
JG14,HN12-6758,Positive,R,CLDN7,Claudin7RV,,0.299745112,#NAME?,source_error,,64.0625,
JG14,HN12-6758,Positive,R,GJA1,Connexin43RC,-8.1331,-2.892964221,-8.1331,measured,1.5625,4.6875,3.125
JG14,HN12-6758,Positive,R,FN1,FibronectinRV,-0.56385,0.615111907,-0.56385,measured,45.3125,75.0,29.6875
JG15,HN12-6851,Negative,S,CAV1,Caveolin1RV,0.65651,-0.044538098,0.65651,measured,60.9375,48.4375,12.5
JG15,HN12-6851,Negative,S,SOX2,Sox2RV,-0.38896,-0.324118076,-0.38896,measured,28.571428571428573,26.5625,2.008928571428573
JG15,HN12-6851,Negative,S,AXL,AxlRV,0.42466,0.334840115,0.42466,measured,56.25,53.125,3.125
JG15,HN12-6851,Negative,S,TMEM173,STINGRV,-0.54372,-3.037362611,-0.54372,measured,31.25,4.6875,26.5625
JG15,HN12-6851,Negative,S,BRD4,BRD4RV,-0.95114,-0.560845969,-0.95114,measured,9.375,15.625,6.25
JG15,HN12-6851,Negative,S,CLDN7,Claudin7RV,-0.34445,0.241681052,-0.34445,measured,42.857142857142854,62.5,19.642857142857146
JG15,HN12-6851,Negative,S,GJA1,Connexin43RC,0.87805,1.01315721,0.87805,measured,71.875,81.25,9.375
JG15,HN12-6851,Negative,S,FN1,FibronectinRV,3.4088,0.689904617,3.4088,measured,79.6875,78.125,1.5625
JG16,HN12-6853,Negative,not evaluated,CAV1,Caveolin1RV,-2.0929,0.847492708,-2.0929,measured,15.625,81.25,65.625
JG16,HN12-6853,Negative,not evaluated,SOX2,Sox2RV,3.3387,2.135845567,3.3387,measured,87.3015873015873,93.75,6.448412698412696
JG16,HN12-6853,Negative,not evaluated,AXL,AxlRV,-4.0307,-1.029440844,-4.0307,measured,4.6875,18.75,14.0625
JG16,HN12-6853,Negative,not evaluated,TMEM173,STINGRV,0.12332,-0.341857031,0.12332,measured,50.0,39.0625,10.9375
JG16,HN12-6853,Negative,not evaluated,BRD4,BRD4RV,0.38001,0.748638864,0.38001,measured,67.1875,78.125,10.9375
JG16,HN12-6853,Negative,not evaluated,CLDN7,Claudin7RV,0.85436,0.358340248,0.85436,measured,55.55555555555556,67.1875,11.631944444444443
JG16,HN12-6853,Negative,not evaluated,GJA1,Connexin43RC,-0.17887,-0.191762002,-0.17887,measured,42.1875,39.0625,3.125
JG16,HN12-6853,Negative,not evaluated,FN1,FibronectinRV,-2.2769,-0.31525774,-2.2769,measured,31.25,28.125,3.125
JG17,HN12-6865,Negative,not evaluated,CAV1,Caveolin1RV,3.4189,1.03661411,3.4189,measured,100.0,90.625,9.375
JG17,HN12-6865,Negative,not evaluated,SOX2,Sox2RV,-0.078667,-0.639218082,-0.078667,measured,42.857142857142854,12.5,30.357142857142854
JG17,HN12-6865,Negative,not evaluated,AXL,AxlRV,3.9297,2.410557845,3.9297,measured,100.0,100.0,0.0
JG17,HN12-6865,Negative,not evaluated,TMEM173,STINGRV,1.0239,-0.087569535,1.0239,measured,81.25,43.75,37.5
JG17,HN12-6865,Negative,not evaluated,BRD4,BRD4RV,0.23834,-0.239139204,0.23834,measured,65.625,26.5625,39.0625
JG17,HN12-6865,Negative,not evaluated,CLDN7,Claudin7RV,0.49284,-0.222422789,0.49284,measured,50.79365079365079,25.0,25.79365079365079
JG17,HN12-6865,Negative,not evaluated,GJA1,Connexin43RC,1.9325,1.177700247,1.9325,measured,95.3125,89.0625,6.25
JG17,HN12-6865,Negative,not evaluated,FN1,FibronectinRV,8.2501,3.170324113,8.2501,measured,100.0,98.4375,1.5625
JG18,HN12-6932,Negative,S,CAV1,Caveolin1RV,2.1788,1.068790056,2.1788,measured,87.5,92.1875,4.6875
JG18,HN12-6932,Negative,S,SOX2,Sox2RV,-0.41106,0.023801972,-0.41106,measured,25.396825396825395,50.0,24.603174603174605
JG18,HN12-6932,Negative,S,AXL,AxlRV,1.6329,1.607053088,1.6329,measured,76.5625,96.875,20.3125
JG18,HN12-6932,Negative,S,TMEM173,STINGRV,0.019183,0.084729951,0.019183,measured,48.4375,53.125,4.6875
JG18,HN12-6932,Negative,S,BRD4,BRD4RV,-1.0721,-0.247188601,-1.0721,measured,4.6875,25.0,20.3125
JG18,HN12-6932,Negative,S,CLDN7,Claudin7RV,-2.2021,-0.371852757,-2.2021,measured,17.46031746031746,6.25,11.210317460317459
JG18,HN12-6932,Negative,S,GJA1,Connexin43RC,-0.15439,0.15484579,-0.15439,measured,43.75,51.5625,7.8125
JG18,HN12-6932,Negative,S,FN1,FibronectinRV,2.2186,1.227932351,2.2186,measured,70.3125,85.9375,15.625
JG19,HN12-6938,Negative,not evaluated,CAV1,Caveolin1RV,2.835,0.81784473,2.835,measured,93.75,79.6875,14.0625
JG19,HN12-6938,Negative,not evaluated,SOX2,Sox2RV,0.90418,-0.13446771,0.90418,measured,58.73015873015873,42.1875,16.542658730158728
JG19,HN12-6938,Negative,not evaluated,AXL,AxlRV,2.328,0.559029492,2.328,measured,84.375,64.0625,20.3125
JG19,HN12-6938,Negative,not evaluated,TMEM173,STINGRV,0.96209,0.864889487,0.96209,measured,79.6875,70.3125,9.375
JG19,HN12-6938,Negative,not evaluated,BRD4,BRD4RV,0.12915,-0.56917652,0.12915,measured,56.25,14.0625,42.1875
JG19,HN12-6938,Negative,not evaluated,CLDN7,Claudin7RV,0.1784,-0.272360955,0.1784,measured,47.61904761904762,20.3125,27.30654761904762
JG19,HN12-6938,Negative,not evaluated,GJA1,Connexin43RC,-0.17953,-0.026540174,-0.17953,measured,40.625,45.3125,4.6875
JG19,HN12-6938,Negative,not evaluated,FN1,FibronectinRV,-2.7197,0.627502924,-2.7197,measured,23.4375,76.5625,53.125
JG20,HN12-6947,Negative,not evaluated,CAV1,Caveolin1RV,2.8948,1.094851188,2.8948,measured,96.875,93.75,3.125
JG20,HN12-6947,Negative,not evaluated,SOX2,Sox2RV,0.31088,-0.295228008,0.31088,measured,50.79365079365079,28.125,22.66865079365079
JG20,HN12-6947,Negative,not evaluated,AXL,AxlRV,3.8395,1.58913752,3.8395,measured,98.4375,93.75,4.6875
JG20,HN12-6947,Negative,not evaluated,TMEM173,STINGRV,0.90909,-0.688570304,0.90909,measured,78.125,28.125,50.0
JG20,HN12-6947,Negative,not evaluated,BRD4,BRD4RV,0.168,0.403411517,0.168,measured,59.375,64.0625,4.6875
JG20,HN12-6947,Negative,not evaluated,CLDN7,Claudin7RV,-0.70211,-0.291404056,-0.70211,measured,34.92063492063492,18.75,16.170634920634917
JG20,HN12-6947,Negative,not evaluated,GJA1,Connexin43RC,0.37278,0.412068303,0.37278,measured,62.5,60.9375,1.5625
JG20,HN12-6947,Negative,not evaluated,FN1,FibronectinRV,6.0705,1.596336764,6.0705,measured,93.75,92.1875,1.5625
JG21,HN12-6950,Negative,not evaluated,CAV1,Caveolin1RV,0.92801,0.750641767,0.92801,measured,67.1875,76.5625,9.375
JG21,HN12-6950,Negative,not evaluated,SOX2,Sox2RV,0.50714,-0.009811933,0.50714,measured,53.96825396825397,46.875,7.093253968253968
JG21,HN12-6950,Negative,not evaluated,AXL,AxlRV,1.572,0.90791128,1.572,measured,75.0,71.875,3.125
JG21,HN12-6950,Negative,not evaluated,TMEM173,STINGRV,-0.52045,-0.733055358,-0.52045,measured,34.375,26.5625,7.8125
JG21,HN12-6950,Negative,not evaluated,BRD4,BRD4RV,0.0088081,-0.031501649,0.0088081,measured,53.125,42.1875,10.9375
JG21,HN12-6950,Negative,not evaluated,CLDN7,Claudin7RV,-0.4541,0.009071523,-0.4541,measured,39.682539682539684,48.4375,8.754960317460316
JG21,HN12-6950,Negative,not evaluated,GJA1,Connexin43RC,2.1092,1.098199563,2.1092,measured,96.875,84.375,12.5
JG21,HN12-6950,Negative,not evaluated,FN1,FibronectinRV,-3.9633,0.367464259,-3.9633,measured,10.9375,67.1875,56.25
JG22,HN13-7038,Negative,not evaluated,CAV1,Caveolin1RV,2.6972,1.156516875,2.6972,measured,92.1875,95.3125,3.125
JG22,HN13-7038,Negative,not evaluated,SOX2,Sox2RV,-4.1699,-0.725070654,-4.1699,measured,4.761904761904762,7.8125,3.050595238095238
JG22,HN13-7038,Negative,not evaluated,AXL,AxlRV,1.8327,1.024588744,1.8327,measured,78.125,82.8125,4.6875
JG22,HN13-7038,Negative,not evaluated,TMEM173,STINGRV,-0.74882,0.364091592,-0.74882,measured,23.4375,60.9375,37.5
JG22,HN13-7038,Negative,not evaluated,BRD4,BRD4RV,-0.51736,-1.346044971,-0.51736,measured,25.0,0.0,25.0
JG22,HN13-7038,Negative,not evaluated,CLDN7,Claudin7RV,-3.9288,-0.009071523,-3.9288,measured,6.349206349206349,46.875,40.52579365079365
JG22,HN13-7038,Negative,not evaluated,GJA1,Connexin43RC,-1.525,-0.915069886,-1.525,measured,15.625,25.0,9.375
JG22,HN13-7038,Negative,not evaluated,FN1,FibronectinRV,7.7514,3.933913253,7.7514,measured,98.4375,100.0,1.5625
JG23,HN13-7107,Positive,not evaluated,CAV1,Caveolin1RV,-3.7376,-1.354610361,-3.7376,measured,4.6875,9.375,4.6875
JG23,HN13-7107,Positive,not evaluated,SOX2,Sox2RV,-0.16187,-0.242074695,-0.16187,measured,38.095238095238095,34.375,3.720238095238095
JG23,HN13-7107,Positive,not evaluated,AXL,AxlRV,-1.0028,-1.223917685,-1.0028,measured,34.375,12.5,21.875
JG23,HN13-7107,Positive,not evaluated,TMEM173,STINGRV,-0.64955,-0.354082171,-0.64955,measured,25.0,35.9375,10.9375
JG23,HN13-7107,Positive,not evaluated,BRD4,BRD4RV,0.23083,0.671570841,0.23083,measured,64.0625,73.4375,9.375
JG23,HN13-7107,Positive,not evaluated,CLDN7,Claudin7RV,3.1816,1.379600522,3.1816,measured,95.23809523809524,93.75,1.4880952380952408
JG23,HN13-7107,Positive,not evaluated,GJA1,Connexin43RC,0.030699,0.111437873,0.030699,measured,48.4375,50.0,1.5625
JG23,HN13-7107,Positive,not evaluated,FN1,FibronectinRV,-2.8826,-1.483182535,-2.8826,measured,20.3125,1.5625,18.75
JG24,HN13-7025,Negative,not evaluated,CAV1,Caveolin1RV,0.23463,0.686584256,0.23463,measured,53.125,71.875,18.75
JG24,HN13-7025,Negative,not evaluated,SOX2,Sox2RV,1.4769,0.934838464,1.4769,measured,68.25396825396825,70.3125,2.058531746031747
JG24,HN13-7025,Negative,not evaluated,AXL,AxlRV,1.3203,1.418900298,1.3203,measured,71.875,90.625,18.75
JG24,HN13-7025,Negative,not evaluated,TMEM173,STINGRV,0,0.680976689,0,measured,46.875,64.0625,17.1875
JG24,HN13-7025,Negative,not evaluated,BRD4,BRD4RV,-0.74645,0.119665569,-0.74645,measured,15.625,54.6875,39.0625
JG24,HN13-7025,Negative,not evaluated,CLDN7,Claudin7RV,-1.5827,-0.042892524,-1.5827,measured,26.984126984126984,42.1875,15.203373015873016
JG24,HN13-7025,Negative,not evaluated,GJA1,Connexin43RC,1.1701,1.186561368,1.1701,measured,84.375,90.625,6.25
JG24,HN13-7025,Negative,not evaluated,FN1,FibronectinRV,5.0346,1.125568584,5.0346,measured,87.5,84.375,3.125
JG25,HN13-7001,Negative,not evaluated,CAV1,Caveolin1RV,2.4612,0.951259684,2.4612,measured,89.0625,84.375,4.6875
JG25,HN13-7001,Negative,not evaluated,SOX2,Sox2RV,-1.0437,0.071163201,-1.0437,measured,17.46031746031746,51.5625,34.102182539682545
JG25,HN13-7001,Negative,not evaluated,AXL,AxlRV,2.0028,1.016150209,2.0028,measured,81.25,79.6875,1.5625
JG25,HN13-7001,Negative,not evaluated,TMEM173,STINGRV,0.14167,0.930202313,0.14167,measured,51.5625,73.4375,21.875
JG25,HN13-7001,Negative,not evaluated,BRD4,BRD4RV,-0.61999,0.345244147,-0.61999,measured,20.3125,60.9375,40.625
JG25,HN13-7001,Negative,not evaluated,CLDN7,Claudin7RV,0,-0.048535328,0,measured,46.03174603174603,39.0625,6.969246031746032
JG25,HN13-7001,Negative,not evaluated,GJA1,Connexin43RC,-1.1498,-0.321589921,-1.1498,measured,20.3125,32.8125,12.5
JG25,HN13-7001,Negative,not evaluated,FN1,FibronectinRV,2.3241,0.228361297,2.3241,measured,73.4375,62.5,10.9375
JG26,HN13-7020,Negative,not evaluated,CAV1,Caveolin1RV,0.53722,0.120584197,0.53722,measured,57.8125,51.5625,6.25
JG26,HN13-7020,Negative,not evaluated,SOX2,Sox2RV,0,0.077272391,0,measured,46.03174603174603,53.125,7.093253968253968
JG26,HN13-7020,Negative,not evaluated,AXL,AxlRV,-2.4308,-1.082377468,-2.4308,measured,18.75,17.1875,1.5625
JG26,HN13-7020,Negative,not evaluated,TMEM173,STINGRV,-0.52623,-0.023135372,-0.52623,measured,32.8125,48.4375,15.625
JG26,HN13-7020,Negative,not evaluated,BRD4,BRD4RV,-1.1362,-0.224761318,-1.1362,measured,3.125,29.6875,26.5625
JG26,HN13-7020,Negative,not evaluated,CLDN7,Claudin7RV,-0.79242,0.013294516,-0.79242,measured,33.333333333333336,50.0,16.666666666666664
JG26,HN13-7020,Negative,not evaluated,GJA1,Connexin43RC,0.33746,0.768170675,0.33746,measured,57.8125,78.125,20.3125
JG26,HN13-7020,Negative,not evaluated,FN1,FibronectinRV,-2.3728,0.29736947,-2.3728,measured,29.6875,65.625,35.9375
JG27,HN13-7096,Negative,not evaluated,CAV1,Caveolin1RV,-0.4781,-0.663485553,-0.4781,measured,37.5,34.375,3.125
JG27,HN13-7096,Negative,not evaluated,SOX2,Sox2RV,0.39243,0.115136928,0.39243,measured,52.38095238095238,54.6875,2.3065476190476204
JG27,HN13-7096,Negative,not evaluated,AXL,AxlRV,-2.5071,-1.139692743,-2.5071,measured,15.625,15.625,0.0
JG27,HN13-7096,Negative,not evaluated,TMEM173,STINGRV,0.82801,2.578346271,0.82801,measured,70.3125,95.3125,25.0
JG27,HN13-7096,Negative,not evaluated,BRD4,BRD4RV,2.1878,1.056827605,2.1878,measured,100.0,84.375,15.625
JG27,HN13-7096,Negative,not evaluated,CLDN7,Claudin7RV,1.0722,1.022985142,1.0722,measured,60.317460317460316,84.375,24.057539682539684
JG27,HN13-7096,Negative,not evaluated,GJA1,Connexin43RC,-2.1485,-0.515984151,-2.1485,measured,12.5,28.125,15.625
JG27,HN13-7096,Negative,not evaluated,FN1,FibronectinRV,-1.4873,-0.739816318,-1.4873,measured,39.0625,17.1875,21.875
JG28,HN13-7120,Negative,not evaluated,CAV1,Caveolin1RV,0.35935,0.720804226,0.35935,measured,56.25,75.0,18.75
JG28,HN13-7120,Negative,not evaluated,SOX2,Sox2RV,-1.1459,-0.282541873,-1.1459,measured,15.079365079365079,29.6875,14.608134920634921
JG28,HN13-7120,Negative,not evaluated,AXL,AxlRV,-0.96997,-0.013338952,-0.96997,measured,36.71875,46.875,10.15625
JG28,HN13-7120,Negative,not evaluated,TMEM173,STINGRV,-1.403,-0.168735874,-1.403,measured,9.375,42.1875,32.8125
JG28,HN13-7120,Negative,not evaluated,BRD4,BRD4RV,-1.0659,0.110365476,-1.0659,measured,6.25,53.125,46.875
JG28,HN13-7120,Negative,not evaluated,CLDN7,Claudin7RV,-3.6636,-0.211613747,-3.6636,measured,7.936507936507937,26.5625,18.625992063492063
JG28,HN13-7120,Negative,not evaluated,GJA1,Connexin43RC,0.97447,1.636609245,0.97447,measured,78.125,96.875,18.75
JG28,HN13-7120,Negative,not evaluated,FN1,FibronectinRV,-3.4755,-0.279395392,-3.4755,measured,14.0625,31.25,17.1875
JG29,HN13-7296,Negative,not evaluated,CAV1,Caveolin1RV,1.2389,-0.254462087,1.2389,measured,79.6875,43.75,35.9375
JG29,HN13-7296,Negative,not evaluated,SOX2,Sox2RV,-0.98572,-0.411124878,-0.98572,measured,19.047619047619047,21.875,2.8273809523809526
JG29,HN13-7296,Negative,not evaluated,AXL,AxlRV,-4.7087,-0.887416263,-4.7087,measured,3.125,23.4375,20.3125
JG29,HN13-7296,Negative,not evaluated,TMEM173,STINGRV,-1.199,-3.512151427,-1.199,measured,14.0625,1.5625,12.5
JG29,HN13-7296,Negative,not evaluated,BRD4,BRD4RV,-0.28298,-0.751140976,-0.28298,measured,32.8125,4.6875,28.125
JG29,HN13-7296,Negative,not evaluated,CLDN7,Claudin7RV,-0.58741,0.107882621,-0.58741,measured,36.507936507936506,57.8125,21.304563492063494
JG29,HN13-7296,Negative,not evaluated,GJA1,Connexin43RC,3.335,3.017379439,3.335,measured,100.0,100.0,0.0
JG29,HN13-7296,Negative,not evaluated,FN1,FibronectinRV,-5.4062,0.001005477,-5.4062,measured,3.125,50.0,46.875
JG30,HN13-7159,Positive,R,CAV1,Caveolin1RV,-0.11721,-0.903284778,-0.11721,measured,43.75,28.125,15.625
JG30,HN13-7159,Positive,R,SOX2,Sox2RV,1.2513,0.769717256,1.2513,measured,63.492063492063494,64.0625,0.5704365079365061
JG30,HN13-7159,Positive,R,AXL,AxlRV,-0.085223,-0.593249183,-0.085223,measured,45.3125,37.5,7.8125
JG30,HN13-7159,Positive,R,TMEM173,STINGRV,1.8512,2.617817095,1.8512,measured,96.875,96.875,0.0
JG30,HN13-7159,Positive,R,BRD4,BRD4RV,-0.41222,0.354841124,-0.41222,measured,26.5625,62.5,35.9375
JG30,HN13-7159,Positive,R,CLDN7,Claudin7RV,2.9657,0.885130431,2.9657,measured,93.65079365079364,81.25,12.400793650793645
JG30,HN13-7159,Positive,R,GJA1,Connexin43RC,-1.2104,-1.392600639,-1.2104,measured,18.75,18.75,0.0
JG30,HN13-7159,Positive,R,FN1,FibronectinRV,2.2009,0.019581562,2.2009,measured,67.1875,51.5625,15.625
JG31,HN13-7209,Negative,not evaluated,CAV1,Caveolin1RV,-0.38968,-0.618353622,-0.38968,measured,39.0625,37.5,1.5625
JG31,HN13-7209,Negative,not evaluated,SOX2,Sox2RV,1.2767,-0.199910089,1.2767,measured,65.07936507936508,39.0625,26.016865079365076
JG31,HN13-7209,Negative,not evaluated,AXL,AxlRV,2.5325,1.397893264,2.5325,measured,89.0625,89.0625,0.0
JG31,HN13-7209,Negative,not evaluated,TMEM173,STINGRV,0.14894,-0.934616631,0.14894,measured,53.125,21.875,31.25
JG31,HN13-7209,Negative,not evaluated,BRD4,BRD4RV,0.17225,0.195495853,0.17225,measured,60.9375,59.375,1.5625
JG31,HN13-7209,Negative,not evaluated,CLDN7,Claudin7RV,0.2358,-0.334051121,0.2358,measured,49.20634920634921,10.9375,38.26884920634921
JG31,HN13-7209,Negative,not evaluated,GJA1,Connexin43RC,1.4335,0.222844855,1.4335,measured,85.9375,53.125,32.8125
JG31,HN13-7209,Negative,not evaluated,FN1,FibronectinRV,5.5774,1.291642296,5.5774,measured,90.625,90.625,0.0
JG32,HN13-7237,Negative,not evaluated,CAV1,Caveolin1RV,-0.82191,-0.682986301,-0.82191,measured,31.25,32.8125,1.5625
JG32,HN13-7237,Negative,not evaluated,SOX2,Sox2RV,3.4193,1.887213403,3.4193,measured,92.06349206349206,89.0625,3.0009920634920633
JG32,HN13-7237,Negative,not evaluated,AXL,AxlRV,1.0341,-0.189432957,1.0341,measured,70.3125,42.1875,28.125
JG32,HN13-7237,Negative,not evaluated,TMEM173,STINGRV,0.22457,-0.869748752,0.22457,measured,56.25,23.4375,32.8125
JG32,HN13-7237,Negative,not evaluated,BRD4,BRD4RV,1.1806,0.872825294,1.1806,measured,87.5,79.6875,7.8125
JG32,HN13-7237,Negative,not evaluated,CLDN7,Claudin7RV,2.8488,0.883147862,2.8488,measured,88.88888888888889,79.6875,9.201388888888886
JG32,HN13-7237,Negative,not evaluated,GJA1,Connexin43RC,0.98048,0.724103776,0.98048,measured,79.6875,73.4375,6.25
JG32,HN13-7237,Negative,not evaluated,FN1,FibronectinRV,-3.3401,-0.236274284,-3.3401,measured,16.40625,34.375,17.96875
JG33,HN13-7163,Negative,not evaluated,CAV1,Caveolin1RV,1.0628,0.985411522,1.0628,measured,73.4375,87.5,14.0625
JG33,HN13-7163,Negative,not evaluated,SOX2,Sox2RV,0.045916,-0.281324898,0.045916,measured,49.20634920634921,32.8125,16.39384920634921
JG33,HN13-7163,Negative,not evaluated,AXL,AxlRV,-3.3582,-1.245196597,-3.3582,measured,7.8125,9.375,1.5625
JG33,HN13-7163,Negative,not evaluated,TMEM173,STINGRV,-1.0905,0.752286847,-1.0905,measured,15.625,67.1875,51.5625
JG33,HN13-7163,Negative,not evaluated,BRD4,BRD4RV,-0.038803,-0.120547154,-0.038803,measured,45.3125,35.9375,9.375
JG33,HN13-7163,Negative,not evaluated,CLDN7,Claudin7RV,-4.9493,-0.302697281,-4.9493,measured,4.761904761904762,17.1875,12.425595238095237
JG33,HN13-7163,Negative,not evaluated,GJA1,Connexin43RC,0.96292,0.932342404,0.96292,measured,76.5625,79.6875,3.125
JG33,HN13-7163,Negative,not evaluated,FN1,FibronectinRV,-4.1774,-0.091111231,-4.1774,measured,9.375,43.75,34.375
JG34,HN13-7192,Negative,R,CAV1,Caveolin1RV,-1.924,-1.198079897,-1.924,measured,17.1875,17.1875,0.0
JG34,HN13-7192,Negative,R,SOX2,Sox2RV,3.3886,1.817198185,3.3886,measured,88.88888888888889,85.9375,2.9513888888888857
JG34,HN13-7192,Negative,R,AXL,AxlRV,-1.042,0.013338952,-1.042,measured,32.8125,48.4375,15.625
JG34,HN13-7192,Negative,R,TMEM173,STINGRV,0.89661,0.082864251,0.89661,measured,76.5625,51.5625,25.0
JG34,HN13-7192,Negative,R,BRD4,BRD4RV,1.2988,1.148822177,1.2988,measured,95.3125,87.5,7.8125
JG34,HN13-7192,Negative,R,CLDN7,Claudin7RV,1.472,0.450666438,1.472,measured,66.66666666666667,70.3125,3.6458333333333286
JG34,HN13-7192,Negative,R,GJA1,Connexin43RC,1.0687,0.629036956,1.0687,measured,82.8125,70.3125,12.5
JG34,HN13-7192,Negative,R,FN1,FibronectinRV,-1.9468,-0.996958042,-1.9468,measured,35.9375,9.375,26.5625
JG35,HN13-7219,Positive,not evaluated,CAV1,Caveolin1RV,1.2255,-0.519852225,1.2255,measured,78.125,39.0625,39.0625
JG35,HN13-7219,Positive,not evaluated,SOX2,Sox2RV,0.86136,0.799722679,0.86136,measured,57.142857142857146,65.625,8.482142857142854
JG35,HN13-7219,Positive,not evaluated,AXL,AxlRV,2.0999,0.74316267,2.0999,measured,82.8125,65.625,17.1875
JG35,HN13-7219,Positive,not evaluated,TMEM173,STINGRV,1.0637,1.032389955,1.0637,measured,84.375,78.125,6.25
JG35,HN13-7219,Positive,not evaluated,BRD4,BRD4RV,0.76157,1.066184205,0.76157,measured,79.6875,85.9375,6.25
JG35,HN13-7219,Positive,not evaluated,CLDN7,Claudin7RV,1.9415,0.06776418,1.9415,measured,71.42857142857143,54.6875,16.74107142857143
JG35,HN13-7219,Positive,not evaluated,GJA1,Connexin43RC,0.17681,-0.184614026,0.17681,measured,53.125,40.625,12.5
JG35,HN13-7219,Positive,not evaluated,FN1,FibronectinRV,-2.658,-0.204454725,-2.658,measured,25.0,37.5,12.5
JG36,HN13-7157,Positive,S,CAV1,Caveolin1RV,1.9731,0.26349608,1.9731,measured,85.9375,56.25,29.6875
JG36,HN13-7157,Positive,S,SOX2,Sox2RV,-0.28911,-0.507790697,-0.28911,measured,33.333333333333336,18.75,14.583333333333336
JG36,HN13-7157,Positive,S,AXL,AxlRV,3.606,1.521866364,3.606,measured,96.875,92.1875,4.6875
JG36,HN13-7157,Positive,S,TMEM173,STINGRV,0.21213,-0.539212562,0.21213,measured,54.6875,32.8125,21.875
JG36,HN13-7157,Positive,S,BRD4,BRD4RV,0,-0.146420291,0,measured,47.65625,34.375,13.28125
JG36,HN13-7157,Positive,S,CLDN7,Claudin7RV,2.513,0.106540606,2.513,measured,82.53968253968254,56.25,26.289682539682545
JG36,HN13-7157,Positive,S,GJA1,Connexin43RC,-0.88855,-1.640685161,-0.88855,measured,25.0,15.625,9.375
JG36,HN13-7157,Positive,S,FN1,FibronectinRV,3.4718,0.727760059,3.4718,measured,81.25,79.6875,1.5625
JG37,HN13-7313,Negative,not evaluated,CAV1,Caveolin1RV,2.8359,0.911287134,2.8359,measured,95.3125,82.8125,12.5
JG37,HN13-7313,Negative,not evaluated,SOX2,Sox2RV,-1.2559,-0.827574716,-1.2559,measured,12.698412698412698,4.6875,8.010912698412698
JG37,HN13-7313,Negative,not evaluated,AXL,AxlRV,2.8424,1.049044378,2.8424,measured,92.1875,84.375,7.8125
JG37,HN13-7313,Negative,not evaluated,TMEM173,STINGRV,1.5036,1.799822687,1.5036,measured,90.625,85.9375,4.6875
JG37,HN13-7313,Negative,not evaluated,BRD4,BRD4RV,0.0033094,-0.228428187,0.0033094,measured,51.5625,28.125,23.4375
JG37,HN13-7313,Negative,not evaluated,CLDN7,Claudin7RV,0.56376,-0.076439248,0.56376,measured,52.38095238095238,32.8125,19.56845238095238
JG37,HN13-7313,Negative,not evaluated,GJA1,Connexin43RC,-2.5101,-1.671880117,-2.5101,measured,7.8125,14.0625,6.25
JG37,HN13-7313,Negative,not evaluated,FN1,FibronectinRV,6.4366,1.253308342,6.4366,measured,96.875,87.5,9.375
JG38,HN13-7475,Negative,not evaluated,CAV1,Caveolin1RV,-2.1283,-1.775685618,-2.1283,measured,14.0625,3.125,10.9375
JG38,HN13-7475,Negative,not evaluated,SOX2,Sox2RV,3.7271,2.291550676,3.7271,measured,95.23809523809524,96.875,1.6369047619047592
JG38,HN13-7475,Negative,not evaluated,AXL,AxlRV,1.3487,0.489447387,1.3487,measured,73.4375,60.9375,12.5
JG38,HN13-7475,Negative,not evaluated,TMEM173,STINGRV,1.6018,2.060756354,1.6018,measured,95.3125,89.0625,6.25
JG38,HN13-7475,Negative,not evaluated,BRD4,BRD4RV,2.146,2.109974339,2.146,measured,98.4375,100.0,1.5625
JG38,HN13-7475,Negative,not evaluated,CLDN7,Claudin7RV,1.5135,0.471560538,1.5135,measured,68.25396825396825,71.875,3.621031746031747
JG38,HN13-7475,Negative,not evaluated,GJA1,Connexin43RC,0.52238,0.747293267,0.52238,measured,64.0625,75.0,10.9375
JG38,HN13-7475,Negative,not evaluated,FN1,FibronectinRV,3.2939,-0.001005477,3.2939,measured,78.125,48.4375,29.6875
JG39,HN13-7476,Negative,not evaluated,CAV1,Caveolin1RV,-2.6201,-1.453951421,-2.6201,measured,9.375,7.8125,1.5625
JG39,HN13-7476,Negative,not evaluated,SOX2,Sox2RV,3.3105,1.85828064,3.3105,measured,85.71428571428571,87.5,1.7857142857142918
JG39,HN13-7476,Negative,not evaluated,AXL,AxlRV,1.011,0.372049159,1.011,measured,67.1875,54.6875,12.5
JG39,HN13-7476,Negative,not evaluated,TMEM173,STINGRV,1.2184,2.324608137,1.2184,measured,87.5,92.1875,4.6875
JG39,HN13-7476,Negative,not evaluated,BRD4,BRD4RV,1.7422,2.078805061,1.7422,measured,96.875,98.4375,1.5625
JG39,HN13-7476,Negative,not evaluated,CLDN7,Claudin7RV,0.95895,0.448963937,0.95895,measured,58.73015873015873,68.75,10.019841269841272
JG39,HN13-7476,Negative,not evaluated,GJA1,Connexin43RC,0.88568,0.759668794,0.88568,measured,73.4375,76.5625,3.125
JG39,HN13-7476,Negative,not evaluated,FN1,FibronectinRV,2.1949,0.058207794,2.1949,measured,65.625,53.125,12.5
JG40,HN13-7327,Positive,S,CAV1,Caveolin1RV,-1.002,-0.872524601,-1.002,measured,26.5625,31.25,4.6875
JG40,HN13-7327,Positive,S,SOX2,Sox2RV,2.4724,0.813157117,2.4724,measured,76.19047619047619,67.1875,9.00297619047619
JG40,HN13-7327,Positive,S,AXL,AxlRV,-1.416,-0.448513008,-1.416,measured,26.5625,40.625,14.0625
JG40,HN13-7327,Positive,S,TMEM173,STINGRV,1.5655,2.263452442,1.5655,measured,93.75,90.625,3.125
JG40,HN13-7327,Positive,S,BRD4,BRD4RV,-0.16478,0.619381294,-0.16478,measured,37.5,70.3125,32.8125
JG40,HN13-7327,Positive,S,CLDN7,Claudin7RV,2.8634,1.041577106,2.8634,measured,90.47619047619048,85.9375,4.538690476190482
JG40,HN13-7327,Positive,S,GJA1,Connexin43RC,0.20712,0.002395045,0.20712,measured,54.6875,48.4375,6.25
JG40,HN13-7327,Positive,S,FN1,FibronectinRV,-2.1774,-0.966976254,-2.1774,measured,32.8125,10.9375,21.875
JG41,HN13-7374,Negative,not evaluated,CAV1,Caveolin1RV,-2.136,-1.323764291,-2.136,measured,12.5,10.9375,1.5625
JG41,HN13-7374,Negative,not evaluated,SOX2,Sox2RV,5.1716,3.544728321,5.1716,measured,100.0,100.0,0.0
JG41,HN13-7374,Negative,not evaluated,AXL,AxlRV,-2.6731,-1.224129639,-2.6731,measured,14.0625,10.9375,3.125
JG41,HN13-7374,Negative,not evaluated,TMEM173,STINGRV,-3.5987,-3.267850753,-3.5987,measured,3.125,3.125,0.0
JG41,HN13-7374,Negative,not evaluated,BRD4,BRD4RV,0.92946,0.668557286,0.92946,measured,81.25,71.875,9.375
JG41,HN13-7374,Negative,not evaluated,CLDN7,Claudin7RV,4.0492,2.844550696,4.0492,measured,100.0,100.0,0.0
JG41,HN13-7374,Negative,not evaluated,GJA1,Connexin43RC,-3.5134,-2.587839886,-3.5134,measured,6.25,6.25,0.0
JG41,HN13-7374,Negative,not evaluated,FN1,FibronectinRV,-3.1678,-0.389857955,-3.1678,measured,18.75,21.875,3.125
JG42,HN13-7396,Negative,not evaluated,CAV1,Caveolin1RV,-0.90935,-1.078238202,-0.90935,measured,29.6875,20.3125,9.375
JG42,HN13-7396,Negative,not evaluated,SOX2,Sox2RV,-0.28619,0.655584705,-0.28619,measured,34.92063492063492,60.9375,26.016865079365083
JG42,HN13-7396,Negative,not evaluated,AXL,AxlRV,0.98056,0.993609159,0.98056,measured,64.0625,75.0,10.9375
JG42,HN13-7396,Negative,not evaluated,TMEM173,STINGRV,-0.89228,0.023135372,-0.89228,measured,18.75,50.0,31.25
JG42,HN13-7396,Negative,not evaluated,BRD4,BRD4RV,-0.59253,0.413125334,-0.59253,measured,21.875,65.625,43.75
JG42,HN13-7396,Negative,not evaluated,CLDN7,Claudin7RV,2.2378,1.292140413,2.2378,measured,77.77777777777777,90.625,12.847222222222229
JG42,HN13-7396,Negative,not evaluated,GJA1,Connexin43RC,0.566,1.488187837,0.566,measured,67.1875,95.3125,28.125
JG42,HN13-7396,Negative,not evaluated,FN1,FibronectinRV,1.8941,-0.192883767,1.8941,measured,64.0625,39.0625,25.0
JG43,HN13-7414,Positive,not evaluated,CAV1,Caveolin1RV,1.1014,0.772236824,1.1014,measured,75.0,78.125,3.125
JG43,HN13-7414,Positive,not evaluated,SOX2,Sox2RV,2.5907,1.297331778,2.5907,measured,79.36507936507937,78.125,1.2400793650793673
JG43,HN13-7414,Positive,not evaluated,AXL,AxlRV,2.5739,0.996947636,2.5739,measured,90.625,76.5625,14.0625
JG43,HN13-7414,Positive,not evaluated,TMEM173,STINGRV,1.5025,1.694156183,1.5025,measured,89.0625,84.375,4.6875
JG43,HN13-7414,Positive,not evaluated,BRD4,BRD4RV,1.0126,0.728406322,1.0126,measured,82.8125,75.0,7.8125
JG43,HN13-7414,Positive,not evaluated,CLDN7,Claudin7RV,1.2592,-0.106489426,1.2592,measured,61.904761904761905,31.25,30.654761904761905
JG43,HN13-7414,Positive,not evaluated,GJA1,Connexin43RC,0.95509,0.425592876,0.95509,measured,75.0,62.5,12.5
JG43,HN13-7414,Positive,not evaluated,FN1,FibronectinRV,3.7863,0.563003896,3.7863,measured,84.375,70.3125,14.0625
JG44,HN13-7442,Negative,not evaluated,CAV1,Caveolin1RV,0.011236,0.044538098,0.011236,measured,50.0,50.0,0.0
JG44,HN13-7442,Negative,not evaluated,SOX2,Sox2RV,0.97709,1.344188951,0.97709,measured,60.317460317460316,79.6875,19.370039682539684
JG44,HN13-7442,Negative,not evaluated,AXL,AxlRV,-1.4608,-0.844657046,-1.4608,measured,25.0,26.5625,1.5625
JG44,HN13-7442,Negative,not evaluated,TMEM173,STINGRV,-0.18519,0.291786577,-0.18519,measured,45.3125,57.8125,12.5
JG44,HN13-7442,Negative,not evaluated,BRD4,BRD4RV,-0.27005,-0.022593389,-0.27005,measured,34.375,45.3125,10.9375
JG44,HN13-7442,Negative,not evaluated,CLDN7,Claudin7RV,0.86319,-0.016040656,0.86319,measured,57.142857142857146,45.3125,11.830357142857146
JG44,HN13-7442,Negative,not evaluated,GJA1,Connexin43RC,-0.92196,-0.23020216,-0.92196,measured,23.4375,35.9375,12.5
JG44,HN13-7442,Negative,not evaluated,FN1,FibronectinRV,-1.0708,0.503927926,-1.0708,measured,40.625,68.75,28.125
JG45,HN13-7450,Negative,not evaluated,CAV1,Caveolin1RV,1.7397,1.015989465,1.7397,measured,82.8125,89.0625,6.25
JG45,HN13-7450,Negative,not evaluated,SOX2,Sox2RV,-0.39524,0.398172523,-0.39524,measured,26.984126984126984,57.8125,30.828373015873016
JG45,HN13-7450,Negative,not evaluated,AXL,AxlRV,0,0.44964144,0,measured,48.4375,57.8125,9.375
JG45,HN13-7450,Negative,not evaluated,TMEM173,STINGRV,-0.57934,-0.619043438,-0.57934,measured,28.125,29.6875,1.5625
JG45,HN13-7450,Negative,not evaluated,BRD4,BRD4RV,-0.38072,0.532434507,-0.38072,measured,29.6875,68.75,39.0625
JG45,HN13-7450,Negative,not evaluated,CLDN7,Claudin7RV,-0.38395,-0.355796587,-0.38395,measured,41.26984126984127,9.375,31.894841269841272
JG45,HN13-7450,Negative,not evaluated,GJA1,Connexin43RC,0.054049,1.19463475,0.054049,measured,50.0,92.1875,42.1875
JG45,HN13-7450,Negative,not evaluated,FN1,FibronectinRV,1.5044,-0.27210158,1.5044,measured,62.5,32.8125,29.6875
JG46,HN14-7970,Negative,not evaluated,CAV1,Caveolin1RV,1.1326,0.329122937,1.1326,measured,76.5625,57.8125,18.75
JG46,HN14-7970,Negative,not evaluated,SOX2,Sox2RV,-1.1459,-0.079994554,-1.1459,measured,15.079365079365079,45.3125,30.23313492063492
JG46,HN14-7970,Negative,not evaluated,AXL,AxlRV,1.8679,1.25954976,1.8679,measured,79.6875,87.5,7.8125
JG46,HN14-7970,Negative,not evaluated,TMEM173,STINGRV,-0.33852,-0.35405235,-0.33852,measured,37.5,37.5,0.0
JG46,HN14-7970,Negative,not evaluated,BRD4,BRD4RV,-1.8715,-0.86547129,-1.8715,measured,1.5625,3.125,1.5625
JG46,HN14-7970,Negative,not evaluated,CLDN7,Claudin7RV,-0.98848,-0.322957187,-0.98848,measured,30.158730158730158,12.5,17.658730158730158
JG46,HN14-7970,Negative,not evaluated,GJA1,Connexin43RC,-4.1588,-2.362673079,-4.1588,measured,4.6875,7.8125,3.125
JG46,HN14-7970,Negative,not evaluated,FN1,FibronectinRV,2.8946,1.102234864,2.8946,measured,76.5625,82.8125,6.25
JG47,HN14-7636,Positive,not evaluated,CAV1,Caveolin1RV,-0.75171,-1.465614811,-0.75171,measured,32.8125,6.25,26.5625
JG47,HN14-7636,Positive,not evaluated,SOX2,Sox2RV,2.6624,0.95781462,2.6624,measured,80.95238095238095,71.875,9.077380952380949
JG47,HN14-7636,Positive,not evaluated,AXL,AxlRV,-2.0765,-1.439429654,-2.0765,measured,20.3125,6.25,14.0625
JG47,HN14-7636,Positive,not evaluated,TMEM173,STINGRV,0.83479,0.785106379,0.83479,measured,71.875,68.75,3.125
JG47,HN14-7636,Positive,not evaluated,BRD4,BRD4RV,0.73439,-0.211866532,0.73439,measured,78.125,31.25,46.875
JG47,HN14-7636,Positive,not evaluated,CLDN7,Claudin7RV,2.5026,1.05887532,2.5026,measured,80.95238095238095,87.5,6.547619047619051
JG47,HN14-7636,Positive,not evaluated,GJA1,Connexin43RC,-4.8003,-3.317650691,-4.8003,measured,3.125,1.5625,1.5625
JG47,HN14-7636,Positive,not evaluated,FN1,FibronectinRV,-4.6783,0.215166349,-4.6783,measured,4.6875,59.375,54.6875
JG48,HN14-7964,Negative,not evaluated,CAV1,Caveolin1RV,0.5635,-1.13683573,0.5635,measured,59.375,18.75,40.625
JG48,HN14-7964,Negative,not evaluated,SOX2,Sox2RV,-0.13798,-0.681433187,-0.13798,measured,39.682539682539684,9.375,30.307539682539684
JG48,HN14-7964,Negative,not evaluated,AXL,AxlRV,-0.039145,-1.179330796,-0.039145,measured,46.875,14.0625,32.8125
JG48,HN14-7964,Negative,not evaluated,TMEM173,STINGRV,-1.2866,-0.080954603,-1.2866,measured,10.9375,45.3125,34.375
JG48,HN14-7964,Negative,not evaluated,BRD4,BRD4RV,-0.79608,-0.359748309,-0.79608,measured,10.9375,18.75,7.8125
JG48,HN14-7964,Negative,not evaluated,CLDN7,Claudin7RV,-1.7672,-0.143742564,-1.7672,measured,25.396825396825395,29.6875,4.290674603174605
JG48,HN14-7964,Negative,not evaluated,GJA1,Connexin43RC,-0.86328,-3.023386949,-0.86328,measured,31.25,3.125,28.125
JG48,HN14-7964,Negative,not evaluated,FN1,FibronectinRV,0.78855,-1.121067103,0.78855,measured,56.25,6.25,50.0
JG49,HN15-7992,Negative,not evaluated,CAV1,Caveolin1RV,-0.48675,0.663260622,-0.48675,measured,35.9375,68.75,32.8125
JG49,HN15-7992,Negative,not evaluated,SOX2,Sox2RV,-0.063587,0.268381075,-0.063587,measured,44.44444444444444,56.25,11.805555555555557
JG49,HN15-7992,Negative,not evaluated,AXL,AxlRV,0.67324,1.070306381,0.67324,measured,59.375,85.9375,26.5625
JG49,HN15-7992,Negative,not evaluated,TMEM173,STINGRV,-2.0836,0.213337272,-2.0836,measured,6.25,56.25,50.0
JG49,HN15-7992,Negative,not evaluated,BRD4,BRD4RV,-1.9662,-0.662798211,-1.9662,measured,0.0,6.25,6.25
JG49,HN15-7992,Negative,not evaluated,CLDN7,Claudin7RV,-2.0053,-0.30402326,-2.0053,measured,22.22222222222222,15.625,6.597222222222221
JG49,HN15-7992,Negative,not evaluated,GJA1,Connexin43RC,-0.83015,0.31348781,-0.83015,measured,32.8125,56.25,23.4375
JG49,HN15-7992,Negative,not evaluated,FN1,FibronectinRV,-3.3401,-0.136501159,-3.3401,measured,16.40625,42.1875,25.78125
JG50,HN13-7483,Positive,not evaluated,CAV1,Caveolin1RV,0.81363,-0.640314131,0.81363,measured,64.0625,35.9375,28.125
JG50,HN13-7483,Positive,not evaluated,SOX2,Sox2RV,2.8051,1.357299131,2.8051,measured,84.12698412698413,81.25,2.8769841269841265
JG50,HN13-7483,Positive,not evaluated,AXL,AxlRV,-2.8809,-1.471714121,-2.8809,measured,10.9375,4.6875,6.25
JG50,HN13-7483,Positive,not evaluated,TMEM173,STINGRV,3.0236,3.104682131,3.0236,measured,100.0,98.4375,1.5625
JG50,HN13-7483,Positive,not evaluated,BRD4,BRD4RV,0.60966,1.054327995,0.60966,measured,75.0,82.8125,7.8125
JG50,HN13-7483,Positive,not evaluated,CLDN7,Claudin7RV,2.3772,0.529301131,2.3772,measured,79.36507936507937,73.4375,5.927579365079367
JG50,HN13-7483,Positive,not evaluated,GJA1,Connexin43RC,-0.66454,-1.333923797,-0.66454,measured,37.5,20.3125,17.1875
JG50,HN13-7483,Positive,not evaluated,FN1,FibronectinRV,-0.61667,-0.945838684,-0.61667,measured,43.75,12.5,31.25
JG51,HN13-7478,Negative,not evaluated,CAV1,Caveolin1RV,-0.66745,-0.895947772,-0.66745,measured,34.375,29.6875,4.6875
JG51,HN13-7478,Negative,not evaluated,SOX2,Sox2RV,-0.1106,-0.491728022,-0.1106,measured,41.26984126984127,20.3125,20.957341269841272
JG51,HN13-7478,Negative,not evaluated,AXL,AxlRV,0.043474,-0.53137993,0.043474,measured,50.0,39.0625,10.9375
JG51,HN13-7478,Negative,not evaluated,TMEM173,STINGRV,0.51715,-0.0347095,0.51715,measured,62.5,46.875,15.625
JG51,HN13-7478,Negative,not evaluated,BRD4,BRD4RV,0.60192,0.188414007,0.60192,measured,73.4375,57.8125,15.625
JG51,HN13-7478,Negative,not evaluated,CLDN7,Claudin7RV,2.6903,1.316920398,2.6903,measured,85.71428571428571,92.1875,6.473214285714292
JG51,HN13-7478,Negative,not evaluated,GJA1,Connexin43RC,-0.88783,-0.726217722,-0.88783,measured,26.5625,26.5625,0.0
JG51,HN13-7478,Negative,not evaluated,FN1,FibronectinRV,0.7867,-0.349166042,0.7867,measured,54.6875,23.4375,31.25
JG52,HN14-7680,Positive,not evaluated,CAV1,Caveolin1RV,-4.3952,-2.700376412,-4.3952,measured,3.125,0.0,3.125
JG52,HN14-7680,Positive,not evaluated,SOX2,Sox2RV,4.3258,1.966784836,4.3258,measured,96.82539682539682,92.1875,4.6378968253968225
JG52,HN14-7680,Positive,not evaluated,AXL,AxlRV,-1.2691,-0.787601045,-1.2691,measured,29.6875,31.25,1.5625
JG52,HN14-7680,Positive,not evaluated,TMEM173,STINGRV,-0.83662,1.063471355,-0.83662,measured,20.3125,79.6875,59.375
JG52,HN14-7680,Positive,not evaluated,BRD4,BRD4RV,1.233,0.478126096,1.233,measured,92.1875,67.1875,25.0
JG52,HN14-7680,Positive,not evaluated,CLDN7,Claudin7RV,2.5632,2.30467175,2.5632,measured,84.12698412698413,98.4375,14.310515873015873
JG52,HN14-7680,Positive,not evaluated,GJA1,Connexin43RC,-1.4843,0.545033433,-1.4843,measured,17.1875,67.1875,50.0
JG52,HN14-7680,Positive,not evaluated,FN1,FibronectinRV,-2.7623,-0.344014883,-2.7623,measured,21.875,25.0,3.125
JG53,HN14-7849,Positive,not evaluated,CAV1,Caveolin1RV,-0.34012,-1.074901206,-0.34012,measured,40.625,21.875,18.75
JG53,HN14-7849,Positive,not evaluated,SOX2,Sox2RV,2.802,1.229570918,2.802,measured,82.53968253968254,75.0,7.539682539682545
JG53,HN14-7849,Positive,not evaluated,AXL,AxlRV,-2.4915,-0.71914441,-2.4915,measured,17.1875,32.8125,15.625
JG53,HN14-7849,Positive,not evaluated,TMEM173,STINGRV,2.1535,3.206382727,2.1535,measured,98.4375,100.0,1.5625
JG53,HN14-7849,Positive,not evaluated,BRD4,BRD4RV,1.2759,1.796218881,1.2759,measured,93.75,96.875,3.125
JG53,HN14-7849,Positive,not evaluated,CLDN7,Claudin7RV,2.0604,0.350033912,2.0604,measured,73.01587301587301,65.625,7.390873015873012
JG53,HN14-7849,Positive,not evaluated,GJA1,Connexin43RC,-2.2695,-1.783342884,-2.2695,measured,9.375,10.9375,1.5625
JG53,HN14-7849,Positive,not evaluated,FN1,FibronectinRV,1.1759,0.190174457,1.1759,measured,59.375,56.25,3.125
JG54,HN14-7561,Negative,not evaluated,CAV1,Caveolin1RV,-0.048353,0.181768794,-0.048353,measured,46.875,53.125,6.25
JG54,HN14-7561,Negative,not evaluated,SOX2,Sox2RV,3.4194,2.141704592,3.4194,measured,93.65079365079364,95.3125,1.661706349206355
JG54,HN14-7561,Negative,not evaluated,AXL,AxlRV,-2.9014,-1.353075665,-2.9014,measured,9.375,7.8125,1.5625
JG54,HN14-7561,Negative,not evaluated,TMEM173,STINGRV,-0.36833,0.715818066,-0.36833,measured,35.9375,65.625,29.6875
JG54,HN14-7561,Negative,not evaluated,BRD4,BRD4RV,1.1898,1.716699965,1.1898,measured,90.625,95.3125,4.6875
JG54,HN14-7561,Negative,not evaluated,CLDN7,Claudin7RV,1.6266,0.951935008,1.6266,measured,69.84126984126983,82.8125,12.971230158730165
JG54,HN14-7561,Negative,not evaluated,GJA1,Connexin43RC,-0.68341,-0.135675066,-0.68341,measured,35.9375,42.1875,6.25
JG54,HN14-7561,Negative,not evaluated,FN1,FibronectinRV,0.54143,0.213166965,0.54143,measured,51.5625,57.8125,6.25
JG55,HN14-7889,Negative,not evaluated,CAV1,Caveolin1RV,1.7562,1.531671607,1.7562,measured,84.375,100.0,15.625
JG55,HN14-7889,Negative,not evaluated,SOX2,Sox2RV,-0.33063,-0.573924654,-0.33063,measured,31.746031746031747,14.0625,17.683531746031747
JG55,HN14-7889,Negative,not evaluated,AXL,AxlRV,0.47514,0.470886464,0.47514,measured,57.8125,59.375,1.5625
JG55,HN14-7889,Negative,not evaluated,TMEM173,STINGRV,-0.23925,1.027136041,-0.23925,measured,42.1875,76.5625,34.375
JG55,HN14-7889,Negative,not evaluated,BRD4,BRD4RV,1.036,-0.572464657,1.036,measured,84.375,12.5,71.875
JG55,HN14-7889,Negative,not evaluated,CLDN7,Claudin7RV,-3.4444,-0.495430242,-3.4444,measured,9.523809523809524,3.125,6.398809523809524
JG55,HN14-7889,Negative,not evaluated,GJA1,Connexin43RC,0,1.139141867,0,measured,46.875,87.5,40.625
JG55,HN14-7889,Negative,not evaluated,FN1,FibronectinRV,4.2122,1.934809615,4.2122,measured,85.9375,95.3125,9.375
JG56,HN14-7721,Negative,not evaluated,CAV1,Caveolin1RV,0.16906,-0.965386719,0.16906,measured,51.5625,25.0,26.5625
JG56,HN14-7721,Negative,not evaluated,SOX2,Sox2RV,1.6903,0.009811933,1.6903,measured,71.42857142857143,48.4375,22.99107142857143
JG56,HN14-7721,Negative,not evaluated,AXL,AxlRV,0.88072,0.850228959,0.88072,measured,62.5,68.75,6.25
JG56,HN14-7721,Negative,not evaluated,TMEM173,STINGRV,1.1409,-1.38972925,1.1409,measured,85.9375,14.0625,71.875
JG56,HN14-7721,Negative,not evaluated,BRD4,BRD4RV,0.44013,-0.601743271,0.44013,measured,70.3125,9.375,60.9375
JG56,HN14-7721,Negative,not evaluated,CLDN7,Claudin7RV,1.4391,-0.432199038,1.4391,measured,65.07936507936508,4.6875,60.391865079365076
JG56,HN14-7721,Negative,not evaluated,GJA1,Connexin43RC,0.37076,-0.289492624,0.37076,measured,60.9375,34.375,26.5625
JG56,HN14-7721,Negative,not evaluated,FN1,FibronectinRV,5.8476,1.95165576,5.8476,measured,92.1875,96.875,4.6875
JG57,HN13-6997,Negative,not evaluated,CAV1,Caveolin1RV,-6.5014,-1.808012665,-6.5014,measured,0.0,1.5625,1.5625
JG57,HN13-6997,Negative,not evaluated,SOX2,Sox2RV,4.4453,3.233052212,4.4453,measured,98.41269841269842,98.4375,0.024801587301581662
JG57,HN13-6997,Negative,not evaluated,AXL,AxlRV,-5.8607,-1.550332027,-5.8607,measured,0.0,1.5625,1.5625
JG57,HN13-6997,Negative,not evaluated,TMEM173,STINGRV,-3.8893,-3.726200825,-3.8893,measured,1.5625,0.0,1.5625
JG57,HN13-6997,Negative,not evaluated,BRD4,BRD4RV,1.1895,1.25642344,1.1895,measured,89.0625,90.625,1.5625
JG57,HN13-6997,Negative,not evaluated,CLDN7,Claudin7RV,2.7849,1.991809796,2.7849,measured,87.3015873015873,95.3125,8.010912698412696
JG57,HN13-6997,Negative,not evaluated,GJA1,Connexin43RC,-8.2171,-3.763338723,-8.2171,measured,0.0,0.0,0.0
JG57,HN13-6997,Negative,not evaluated,FN1,FibronectinRV,-2.4462,-0.862165887,-2.4462,measured,28.125,15.625,12.5
JG58,HN13-7026,Negative,not evaluated,CAV1,Caveolin1RV,0.85579,0.964581622,0.85579,measured,65.625,85.9375,20.3125
JG58,HN13-7026,Negative,not evaluated,SOX2,Sox2RV,1.5155,0.918148793,1.5155,measured,69.84126984126983,68.75,1.0912698412698347
JG58,HN13-7026,Negative,not evaluated,AXL,AxlRV,2.9598,1.600227223,2.9598,measured,93.75,95.3125,1.5625
JG58,HN13-7026,Negative,not evaluated,TMEM173,STINGRV,0.23144,0.124999926,0.23144,measured,57.8125,54.6875,3.125
JG58,HN13-7026,Negative,not evaluated,BRD4,BRD4RV,0.069004,0.074647357,0.069004,measured,54.6875,51.5625,3.125
JG58,HN13-7026,Negative,not evaluated,CLDN7,Claudin7RV,-1.9929,-0.716945433,-1.9929,measured,23.80952380952381,1.5625,22.24702380952381
JG58,HN13-7026,Negative,not evaluated,GJA1,Connexin43RC,1.0238,1.483849692,1.0238,measured,81.25,93.75,12.5
JG58,HN13-7026,Negative,not evaluated,FN1,FibronectinRV,5.1235,1.005406516,5.1235,measured,89.0625,81.25,7.8125
JG59,HN13-7039,Negative,not evaluated,CAV1,Caveolin1RV,2.9431,1.240106485,2.9431,measured,98.4375,96.875,1.5625
JG59,HN13-7039,Negative,not evaluated,SOX2,Sox2RV,-1.4811,-0.65842265,-1.4811,measured,7.936507936507937,10.9375,3.0009920634920633
JG59,HN13-7039,Negative,not evaluated,AXL,AxlRV,3.0792,1.021286315,3.0792,measured,95.3125,81.25,14.0625
JG59,HN13-7039,Negative,not evaluated,TMEM173,STINGRV,-0.56261,-1.420644286,-0.56261,measured,29.6875,12.5,17.1875
JG59,HN13-7039,Negative,not evaluated,BRD4,BRD4RV,0.16505,-0.313623483,0.16505,measured,57.8125,20.3125,37.5
JG59,HN13-7039,Negative,not evaluated,CLDN7,Claudin7RV,-2.0215,-0.73341393,-2.0215,measured,19.047619047619047,0.0,19.047619047619047
JG59,HN13-7039,Negative,not evaluated,GJA1,Connexin43RC,1.5325,0.69722002,1.5325,measured,90.625,71.875,18.75
JG59,HN13-7039,Negative,not evaluated,FN1,FibronectinRV,6.3535,1.279152375,6.3535,measured,95.3125,89.0625,6.25
JG60,HN168 (HN17-062117),Positive,R,CAV1,Caveolin1RV,-1.6181,-1.035152909,-1.6181,measured,20.3125,23.4375,3.125
JG60,HN168 (HN17-062117),Positive,R,SOX2,Sox2RV,1.4527,0.994476073,1.4527,measured,66.66666666666667,73.4375,6.770833333333329
JG60,HN168 (HN17-062117),Positive,R,AXL,AxlRV,0.36808,-0.082495923,0.36808,measured,54.6875,43.75,10.9375
JG60,HN168 (HN17-062117),Positive,R,TMEM173,STINGRV,1.0626,0.318561718,1.0626,measured,82.8125,59.375,23.4375
JG60,HN168 (HN17-062117),Positive,R,BRD4,BRD4RV,0.55684,1.604040523,0.55684,measured,71.875,93.75,21.875
JG60,HN168 (HN17-062117),Positive,R,CLDN7,Claudin7RV,-1.3461,-0.319534697,-1.3461,measured,28.571428571428573,14.0625,14.508928571428573
JG60,HN168 (HN17-062117),Positive,R,GJA1,Connexin43RC,-1.093,-1.006854227,-1.093,measured,21.875,23.4375,1.5625
JG60,HN168 (HN17-062117),Positive,R,FN1,FibronectinRV,-2.4637,-1.607374403,-2.4637,measured,26.5625,0.0,26.5625
JG62,HN13-7343,Negative,not evaluated,CAV1,Caveolin1RV,2.6821,0.688077512,2.6821,measured,90.625,73.4375,17.1875
JG62,HN13-7343,Negative,not evaluated,SOX2,Sox2RV,-1.4095,-0.564676858,-1.4095,measured,11.11111111111111,15.625,4.513888888888889
JG62,HN13-7343,Negative,not evaluated,AXL,AxlRV,-0.52287,0.840419515,-0.52287,measured,42.1875,67.1875,25.0
JG62,HN13-7343,Negative,not evaluated,TMEM173,STINGRV,0.41464,-1.041030924,0.41464,measured,60.9375,15.625,45.3125
JG62,HN13-7343,Negative,not evaluated,BRD4,BRD4RV,0.43931,-0.171659545,0.43931,measured,68.75,32.8125,35.9375
JG62,HN13-7343,Negative,not evaluated,CLDN7,Claudin7RV,-2.9087,-0.26110512,-2.9087,measured,12.698412698412698,21.875,9.176587301587302
JG62,HN13-7343,Negative,not evaluated,GJA1,Connexin43RC,0.54369,-0.058596247,0.54369,measured,65.625,43.75,21.875
JG62,HN13-7343,Negative,not evaluated,FN1,FibronectinRV,-1.8632,1.86019775,-1.8632,measured,37.5,93.75,56.25
JG63,HN15-8021,Negative,not evaluated,CAV1,Caveolin1RV,1.371,0.686014542,1.371,measured,81.25,70.3125,10.9375
JG63,HN15-8021,Negative,not evaluated,SOX2,Sox2RV,-5.378,-0.940052066,-5.378,measured,0.0,1.5625,1.5625
JG63,HN15-8021,Negative,not evaluated,AXL,AxlRV,1.0151,0.883828216,1.0151,measured,68.75,70.3125,1.5625
JG63,HN15-8021,Negative,not evaluated,TMEM173,STINGRV,-0.27678,-1.030469718,-0.27678,measured,40.625,17.1875,23.4375
JG63,HN15-8021,Negative,not evaluated,BRD4,BRD4RV,-0.9547,-0.029292627,-0.9547,measured,7.8125,43.75,35.9375
JG63,HN15-8021,Negative,not evaluated,CLDN7,Claudin7RV,-2.9187,-0.368153455,-2.9187,measured,11.11111111111111,7.8125,3.2986111111111107
JG63,HN15-8021,Negative,not evaluated,GJA1,Connexin43RC,-0.086512,-0.002395045,-0.086512,measured,45.3125,46.875,1.5625
JG63,HN15-8021,Negative,not evaluated,FN1,FibronectinRV,-0.90636,-0.330445605,-0.90636,measured,42.1875,26.5625,15.625
JG64,HN173,Positive,S,CAV1,Caveolin1RV,-1.3154,-0.932922114,-1.3154,measured,25.0,26.5625,1.5625
JG64,HN173,Positive,S,SOX2,Sox2RV,2.1903,0.496550911,2.1903,measured,74.60317460317461,59.375,15.228174603174608
JG64,HN173,Positive,S,AXL,AxlRV,-0.79226,-0.820826968,-0.79226,measured,39.0625,28.125,10.9375
JG64,HN173,Positive,S,TMEM173,STINGRV,0.38906,0.365291204,0.38906,measured,59.375,62.5,3.125
JG64,HN173,Positive,S,BRD4,BRD4RV,-0.72682,-0.286514093,-0.72682,measured,17.1875,21.875,4.6875
JG64,HN173,Positive,S,CLDN7,Claudin7RV,2.0813,0.562433029,2.0813,measured,74.60317460317461,76.5625,1.9593253968253919
JG64,HN173,Positive,S,GJA1,Connexin43RC,-0.88622,-1.177076035,-0.88622,measured,28.125,21.875,6.25
JG64,HN173,Positive,S,FN1,FibronectinRV,-4.5482,-0.159298418,-4.5482,measured,6.25,40.625,34.375
JG65,HN174 (HN17-071117),Negative,not evaluated,CAV1,Caveolin1RV,1.0301,0.532370652,1.0301,measured,71.875,67.1875,4.6875
JG65,HN174 (HN17-071117),Negative,not evaluated,SOX2,Sox2RV,-0.6567,-0.514064757,-0.6567,measured,23.80952380952381,17.1875,6.62202380952381
JG65,HN174 (HN17-071117),Negative,not evaluated,AXL,AxlRV,2.3444,0.935704435,2.3444,measured,85.9375,73.4375,12.5
JG65,HN174 (HN17-071117),Negative,not evaluated,TMEM173,STINGRV,0.86912,-0.952031706,0.86912,measured,73.4375,20.3125,53.125
JG65,HN174 (HN17-071117),Negative,not evaluated,BRD4,BRD4RV,0.0022071,-0.013783382,0.0022071,measured,50.0,46.875,3.125
JG65,HN174 (HN17-071117),Negative,not evaluated,CLDN7,Claudin7RV,2.8897,0.534008859,2.8897,measured,92.06349206349206,75.0,17.063492063492063
JG65,HN174 (HN17-071117),Negative,not evaluated,GJA1,Connexin43RC,-2.08,-1.680022873,-2.08,measured,14.0625,12.5,1.5625
JG65,HN174 (HN17-071117),Negative,not evaluated,FN1,FibronectinRV,-0.084277,-0.065280762,-0.084277,measured,46.875,45.3125,1.5625
JG66,HN142,Positive,not evaluated,CAV1,Caveolin1RV,-2.7027,-1.301653044,-2.7027,measured,7.8125,12.5,4.6875
JG66,HN142,Positive,not evaluated,SOX2,Sox2RV,1.9074,1.254005426,1.9074,measured,73.01587301587301,76.5625,3.5466269841269877
JG66,HN142,Positive,not evaluated,AXL,AxlRV,-5.3302,-1.787567146,-5.3302,measured,1.5625,0.0,1.5625
JG66,HN142,Positive,not evaluated,TMEM173,STINGRV,0.77727,0.928917146,0.77727,measured,67.1875,71.875,4.6875
JG66,HN142,Positive,not evaluated,BRD4,BRD4RV,0.6648,0.731433678,0.6648,measured,76.5625,76.5625,0.0
JG66,HN142,Positive,not evaluated,CLDN7,Claudin7RV,3.6444,2.283616952,3.6444,measured,98.41269841269842,96.875,1.5376984126984183
JG66,HN142,Positive,not evaluated,GJA1,Connexin43RC,-0.86787,-0.437937951,-0.86787,measured,29.6875,31.25,1.5625
JG66,HN142,Positive,not evaluated,FN1,FibronectinRV,-7.2363,-1.38342462,-7.2363,measured,0.0,3.125,3.125
